date,hour,weekday,is_weekend,outdoor_temp_c,weather,solar_irradiance_w_m2,solar_generation_kwh,pc_kwh,monitor_kwh,ac_kwh,lighting_kwh,other_devices_kwh,total_consumption_kwh,from_grid_kwh,from_solar_kwh,tariff,energy_cost_reais,co2_factor_kg_per_kwh,co2_emissions_kg
2025-09-01,0,Seg,0,20.57,chuva,0.0,0.0,0.04,0.009,0.0,0.108,0.049,0.206,0.206,0.0,fora_ponta,0.186,0.08,0.017
2025-09-01,1,Seg,0,19.33,nublado,0.0,0.0,0.014,0.019,0.0,0.062,0.042,0.137,0.137,0.0,fora_ponta,0.123,0.08,0.011
2025-09-01,2,Seg,0,20.86,chuva,0.0,0.0,0.033,0.005,0.0,0.073,0.027,0.139,0.139,0.0,fora_ponta,0.125,0.08,0.011
2025-09-01,3,Seg,0,18.04,chuva,0.0,0.0,0.042,0.003,0.0,0.116,0.052,0.213,0.213,0.0,fora_ponta,0.192,0.08,0.017
2025-09-01,4,Seg,0,18.79,ensolarado,0.0,0.0,0.014,0.016,0.0,0.084,0.027,0.141,0.141,0.0,fora_ponta,0.127,0.08,0.011
2025-09-01,5,Seg,0,18.57,ensolarado,0.0,0.0,0.024,0.003,0.0,0.051,0.053,0.131,0.131,0.0,fora_ponta,0.118,0.08,0.01
2025-09-01,6,Seg,0,24.31,chuva,0.0,0.0,0.034,0.001,0.0,0.06,0.05,0.144,0.144,0.0,fora_ponta,0.13,0.08,0.012
2025-09-01,7,Seg,0,23.18,chuva,34.94,0.045,0.047,0.013,0.0,0.026,0.039,0.124,0.079,0.045,fora_ponta,0.071,0.08,0.006
2025-09-01,8,Seg,0,25.77,chuva,67.5,0.088,0.138,0.083,0.0,0.026,0.033,0.28,0.192,0.088,fora_ponta,0.173,0.08,0.015
2025-09-01,9,Seg,0,25.16,parcial_nublado,445.48,0.579,0.169,0.066,0.0,0.005,0.022,0.262,0.0,0.262,fora_ponta,0.0,0.08,0.0
2025-09-01,10,Seg,0,22.24,nublado,311.77,0.405,0.165,0.064,0.0,0.014,0.04,0.283,0.0,0.283,fora_ponta,0.0,0.08,0.0
2025-09-01,11,Seg,0,22.37,ensolarado,869.33,1.13,0.129,0.097,0.0,0.002,0.059,0.286,0.0,0.286,fora_ponta,0.0,0.08,0.0
2025-09-01,12,Seg,0,28.77,parcial_nublado,630.0,0.819,0.141,0.083,0.0,0.016,0.053,0.292,0.0,0.292,fora_ponta,0.0,0.08,0.0
2025-09-01,13,Seg,0,29.05,nublado,347.73,0.452,0.16,0.062,0.683,0.023,0.058,0.985,0.533,0.452,fora_ponta,0.48,0.08,0.043
2025-09-01,14,Seg,0,27.25,ensolarado,779.42,1.013,0.156,0.063,0.797,0.021,0.026,1.062,0.049,1.013,fora_ponta,0.044,0.08,0.004
2025-09-01,15,Seg,0,30.42,ensolarado,636.4,0.827,0.156,0.054,0.613,0.014,0.041,0.878,0.05,0.827,fora_ponta,0.045,0.08,0.004
2025-09-01,16,Seg,0,31.54,chuva,67.5,0.088,0.18,0.092,0.417,0.001,0.057,0.747,0.66,0.088,fora_ponta,0.594,0.08,0.053
2025-09-01,17,Seg,0,25.29,chuva,34.94,0.045,0.179,0.095,0.718,0.001,0.041,1.033,0.988,0.045,fora_ponta,0.889,0.08,0.079
2025-09-01,18,Seg,0,22.82,ensolarado,0.0,0.0,0.158,0.066,0.0,0.02,0.057,0.301,0.301,0.0,ponta,0.361,0.08,0.024
2025-09-01,19,Seg,0,23.51,chuva,0.0,0.0,0.024,0.006,0.0,0.112,0.059,0.201,0.201,0.0,ponta,0.241,0.08,0.016
2025-09-01,20,Seg,0,23.54,nublado,0.0,0.0,0.044,0.015,0.0,0.051,0.031,0.142,0.142,0.0,ponta,0.171,0.08,0.011
2025-09-01,21,Seg,0,24.9,nublado,0.0,0.0,0.014,0.007,0.0,0.07,0.047,0.138,0.138,0.0,ponta,0.166,0.08,0.011
2025-09-01,22,Seg,0,23.19,chuva,0.0,0.0,0.034,0.015,0.0,0.081,0.042,0.172,0.172,0.0,fora_ponta,0.155,0.08,0.014
2025-09-01,23,Seg,0,25.76,parcial_nublado,0.0,0.0,0.016,0.008,0.0,0.117,0.038,0.179,0.179,0.0,fora_ponta,0.161,0.08,0.014
2025-09-02,0,Ter,0,20.8,ensolarado,0.0,0.0,0.05,0.002,0.0,0.119,0.033,0.204,0.204,0.0,fora_ponta,0.183,0.08,0.016
2025-09-02,1,Ter,0,20.41,nublado,0.0,0.0,0.032,0.019,0.0,0.093,0.056,0.199,0.199,0.0,fora_ponta,0.179,0.08,0.016
2025-09-02,2,Ter,0,18.57,chuva,0.0,0.0,0.042,0.001,0.0,0.052,0.051,0.146,0.146,0.0,fora_ponta,0.131,0.08,0.012
2025-09-02,3,Ter,0,19.98,parcial_nublado,0.0,0.0,0.047,0.007,0.0,0.105,0.047,0.206,0.206,0.0,fora_ponta,0.185,0.08,0.016
2025-09-02,4,Ter,0,20.12,ensolarado,0.0,0.0,0.035,0.013,0.0,0.11,0.03,0.187,0.187,0.0,fora_ponta,0.169,0.08,0.015
2025-09-02,5,Ter,0,21.83,parcial_nublado,0.0,0.0,0.017,0.016,0.0,0.063,0.055,0.15,0.15,0.0,fora_ponta,0.135,0.08,0.012
2025-09-02,6,Ter,0,21.75,ensolarado,0.0,0.0,0.03,0.012,0.0,0.116,0.058,0.216,0.216,0.0,fora_ponta,0.194,0.08,0.017
2025-09-02,7,Ter,0,20.41,nublado,93.17,0.121,0.02,0.012,0.0,0.017,0.042,0.091,0.0,0.091,fora_ponta,0.0,0.08,0.0
2025-09-02,8,Ter,0,20.04,ensolarado,450.0,0.585,0.16,0.064,0.0,0.025,0.042,0.291,0.0,0.291,fora_ponta,0.0,0.08,0.0
2025-09-02,9,Ter,0,24.46,parcial_nublado,445.48,0.579,0.153,0.063,0.0,0.028,0.059,0.303,0.0,0.303,fora_ponta,0.0,0.08,0.0
2025-09-02,10,Ter,0,24.68,chuva,116.91,0.152,0.156,0.082,0.0,0.005,0.024,0.267,0.115,0.152,fora_ponta,0.103,0.08,0.009
2025-09-02,11,Ter,0,21.19,parcial_nublado,608.53,0.791,0.148,0.071,0.0,0.024,0.029,0.272,0.0,0.272,fora_ponta,0.0,0.08,0.0
2025-09-02,12,Ter,0,26.87,nublado,360.0,0.468,0.161,0.067,0.0,0.019,0.05,0.297,0.0,0.297,fora_ponta,0.0,0.08,0.0
2025-09-02,13,Ter,0,29.99,chuva,130.4,0.17,0.141,0.056,0.624,0.011,0.039,0.871,0.701,0.17,fora_ponta,0.631,0.08,0.056
2025-09-02,14,Ter,0,28.16,parcial_nublado,545.6,0.709,0.134,0.061,0.638,0.016,0.035,0.883,0.174,0.709,fora_ponta,0.157,0.08,0.014
2025-09-02,15,Ter,0,29.55,nublado,254.56,0.331,0.146,0.087,0.592,0.005,0.023,0.852,0.521,0.331,fora_ponta,0.469,0.08,0.042
2025-09-02,16,Ter,0,25.22,parcial_nublado,315.0,0.409,0.141,0.055,0.434,0.022,0.052,0.705,0.296,0.409,fora_ponta,0.266,0.08,0.024
2025-09-02,17,Ter,0,26.82,ensolarado,232.94,0.303,0.173,0.096,0.644,0.022,0.022,0.958,0.655,0.303,fora_ponta,0.589,0.08,0.052
2025-09-02,18,Ter,0,22.22,parcial_nublado,0.0,0.0,0.129,0.078,0.0,0.016,0.055,0.279,0.279,0.0,ponta,0.334,0.08,0.022
2025-09-02,19,Ter,0,24.71,chuva,0.0,0.0,0.026,0.012,0.0,0.082,0.035,0.155,0.155,0.0,ponta,0.186,0.08,0.012
2025-09-02,20,Ter,0,22.53,parcial_nublado,0.0,0.0,0.026,0.003,0.0,0.103,0.045,0.177,0.177,0.0,ponta,0.213,0.08,0.014
2025-09-02,21,Ter,0,25.92,ensolarado,0.0,0.0,0.034,0.003,0.0,0.111,0.032,0.18,0.18,0.0,ponta,0.216,0.08,0.014
2025-09-02,22,Ter,0,24.09,ensolarado,0.0,0.0,0.016,0.004,0.0,0.111,0.047,0.178,0.178,0.0,fora_ponta,0.16,0.08,0.014
2025-09-02,23,Ter,0,23.63,nublado,0.0,0.0,0.031,0.007,0.0,0.09,0.046,0.174,0.174,0.0,fora_ponta,0.156,0.08,0.014
2025-09-03,0,Qua,0,19.58,ensolarado,0.0,0.0,0.026,0.007,0.0,0.115,0.024,0.173,0.173,0.0,fora_ponta,0.156,0.08,0.014
2025-09-03,1,Qua,0,20.4,ensolarado,0.0,0.0,0.045,0.005,0.0,0.097,0.041,0.188,0.188,0.0,fora_ponta,0.169,0.08,0.015
2025-09-03,2,Qua,0,18.46,chuva,0.0,0.0,0.036,0.004,0.0,0.079,0.035,0.153,0.153,0.0,fora_ponta,0.138,0.08,0.012
2025-09-03,3,Qua,0,18.09,ensolarado,0.0,0.0,0.014,0.02,0.0,0.056,0.038,0.127,0.127,0.0,fora_ponta,0.114,0.08,0.01
2025-09-03,4,Qua,0,21.45,parcial_nublado,0.0,0.0,0.045,0.015,0.0,0.09,0.031,0.181,0.181,0.0,fora_ponta,0.163,0.08,0.014
2025-09-03,5,Qua,0,19.51,chuva,0.0,0.0,0.034,0.01,0.0,0.077,0.038,0.159,0.159,0.0,fora_ponta,0.143,0.08,0.013
2025-09-03,6,Qua,0,22.73,ensolarado,0.0,0.0,0.036,0.017,0.0,0.075,0.056,0.185,0.185,0.0,fora_ponta,0.166,0.08,0.015
2025-09-03,7,Qua,0,21.67,chuva,34.94,0.045,0.011,0.018,0.0,0.008,0.044,0.082,0.037,0.045,fora_ponta,0.033,0.08,0.003
2025-09-03,8,Qua,0,24.38,parcial_nublado,315.0,0.409,0.135,0.076,0.0,0.028,0.049,0.287,0.0,0.287,fora_ponta,0.0,0.08,0.0
2025-09-03,9,Qua,0,24.76,parcial_nublado,445.48,0.579,0.132,0.051,0.0,0.006,0.023,0.213,0.0,0.213,fora_ponta,0.0,0.08,0.0
2025-09-03,10,Qua,0,21.92,ensolarado,779.42,1.013,0.148,0.074,0.0,0.013,0.033,0.268,0.0,0.268,fora_ponta,0.0,0.08,0.0
2025-09-03,11,Qua,0,24.79,chuva,130.4,0.17,0.137,0.092,0.0,0.01,0.027,0.265,0.095,0.17,fora_ponta,0.086,0.08,0.008
2025-09-03,12,Qua,0,28.87,parcial_nublado,630.0,0.819,0.163,0.051,0.0,0.003,0.044,0.262,0.0,0.262,fora_ponta,0.0,0.08,0.0
2025-09-03,13,Qua,0,30.9,chuva,130.4,0.17,0.153,0.076,0.765,0.024,0.021,1.039,0.87,0.17,fora_ponta,0.783,0.08,0.07
2025-09-03,14,Qua,0,29.92,parcial_nublado,545.6,0.709,0.158,0.085,0.745,0.018,0.043,1.05,0.341,0.709,fora_ponta,0.307,0.08,0.027
2025-09-03,15,Qua,0,30.33,nublado,254.56,0.331,0.141,0.094,0.658,0.011,0.026,0.931,0.6,0.331,fora_ponta,0.54,0.08,0.048
2025-09-03,16,Qua,0,28.6,parcial_nublado,315.0,0.409,0.177,0.084,0.563,0.02,0.049,0.892,0.483,0.409,fora_ponta,0.435,0.08,0.039
2025-09-03,17,Qua,0,27.06,chuva,34.94,0.045,0.171,0.079,0.699,0.012,0.027,0.987,0.942,0.045,fora_ponta,0.848,0.08,0.075
2025-09-03,18,Qua,0,24.26,nublado,0.0,0.0,0.126,0.056,0.709,0.029,0.03,0.95,0.95,0.0,ponta,1.14,0.08,0.076
2025-09-03,19,Qua,0,23.22,chuva,0.0,0.0,0.026,0.006,0.0,0.111,0.026,0.169,0.169,0.0,ponta,0.203,0.08,0.014
2025-09-03,20,Qua,0,25.64,nublado,0.0,0.0,0.021,0.014,0.0,0.101,0.025,0.162,0.162,0.0,ponta,0.194,0.08,0.013
2025-09-03,21,Qua,0,26.0,ensolarado,0.0,0.0,0.012,0.001,0.0,0.097,0.022,0.132,0.132,0.0,ponta,0.159,0.08,0.011
2025-09-03,22,Qua,0,22.72,chuva,0.0,0.0,0.043,0.009,0.0,0.098,0.02,0.17,0.17,0.0,fora_ponta,0.153,0.08,0.014
2025-09-03,23,Qua,0,22.76,ensolarado,0.0,0.0,0.015,0.01,0.0,0.083,0.03,0.139,0.139,0.0,fora_ponta,0.125,0.08,0.011
2025-09-04,0,Qui,0,18.95,parcial_nublado,0.0,0.0,0.037,0.001,0.0,0.111,0.032,0.182,0.182,0.0,fora_ponta,0.164,0.08,0.015
2025-09-04,1,Qui,0,21.35,ensolarado,0.0,0.0,0.023,0.017,0.0,0.105,0.048,0.193,0.193,0.0,fora_ponta,0.174,0.08,0.015
2025-09-04,2,Qui,0,19.03,nublado,0.0,0.0,0.011,0.011,0.0,0.092,0.031,0.145,0.145,0.0,fora_ponta,0.13,0.08,0.012
2025-09-04,3,Qui,0,18.71,nublado,0.0,0.0,0.033,0.012,0.0,0.099,0.026,0.17,0.17,0.0,fora_ponta,0.153,0.08,0.014
2025-09-04,4,Qui,0,21.41,nublado,0.0,0.0,0.05,0.019,0.0,0.056,0.046,0.171,0.171,0.0,fora_ponta,0.154,0.08,0.014
2025-09-04,5,Qui,0,21.38,chuva,0.0,0.0,0.016,0.002,0.0,0.101,0.024,0.143,0.143,0.0,fora_ponta,0.129,0.08,0.011
2025-09-04,6,Qui,0,21.52,chuva,0.0,0.0,0.012,0.01,0.0,0.064,0.05,0.135,0.135,0.0,fora_ponta,0.122,0.08,0.011
2025-09-04,7,Qui,0,25.68,nublado,93.17,0.121,0.018,0.017,0.0,0.02,0.031,0.087,0.0,0.087,fora_ponta,0.0,0.08,0.0
2025-09-04,8,Qui,0,22.57,ensolarado,450.0,0.585,0.167,0.092,0.0,0.007,0.056,0.322,0.0,0.322,fora_ponta,0.0,0.08,0.0
2025-09-04,9,Qui,0,20.18,parcial_nublado,445.48,0.579,0.127,0.089,0.0,0.021,0.055,0.291,0.0,0.291,fora_ponta,0.0,0.08,0.0
2025-09-04,10,Qui,0,20.38,chuva,116.91,0.152,0.165,0.061,0.0,0.02,0.044,0.29,0.138,0.152,fora_ponta,0.124,0.08,0.011
2025-09-04,11,Qui,0,22.27,parcial_nublado,608.53,0.791,0.121,0.083,0.0,0.027,0.046,0.277,0.0,0.277,fora_ponta,0.0,0.08,0.0
2025-09-04,12,Qui,0,26.14,parcial_nublado,630.0,0.819,0.159,0.092,0.0,0.007,0.047,0.305,0.0,0.305,fora_ponta,0.0,0.08,0.0
2025-09-04,13,Qui,0,26.65,parcial_nublado,608.53,0.791,0.165,0.097,0.728,0.014,0.026,1.03,0.239,0.791,fora_ponta,0.215,0.08,0.019
2025-09-04,14,Qui,0,25.84,nublado,311.77,0.405,0.171,0.056,0.522,0.004,0.058,0.811,0.406,0.405,fora_ponta,0.365,0.08,0.032
2025-09-04,15,Qui,0,26.59,chuva,95.46,0.124,0.17,0.074,0.759,0.027,0.039,1.068,0.944,0.124,fora_ponta,0.85,0.08,0.076
2025-09-04,16,Qui,0,30.28,ensolarado,450.0,0.585,0.141,0.057,0.554,0.028,0.047,0.826,0.241,0.585,fora_ponta,0.217,0.08,0.019
2025-09-04,17,Qui,0,28.47,nublado,93.17,0.121,0.145,0.057,0.547,0.012,0.057,0.819,0.698,0.121,fora_ponta,0.628,0.08,0.056
2025-09-04,18,Qui,0,25.08,chuva,0.0,0.0,0.125,0.096,0.644,0.026,0.06,0.951,0.951,0.0,ponta,1.141,0.08,0.076
2025-09-04,19,Qui,0,24.34,chuva,0.0,0.0,0.032,0.002,0.0,0.119,0.041,0.193,0.193,0.0,ponta,0.232,0.08,0.015
2025-09-04,20,Qui,0,23.77,nublado,0.0,0.0,0.017,0.013,0.0,0.073,0.034,0.138,0.138,0.0,ponta,0.165,0.08,0.011
2025-09-04,21,Qui,0,23.03,chuva,0.0,0.0,0.021,0.012,0.0,0.091,0.051,0.176,0.176,0.0,ponta,0.211,0.08,0.014
2025-09-04,22,Qui,0,25.28,chuva,0.0,0.0,0.042,0.002,0.0,0.109,0.034,0.187,0.187,0.0,fora_ponta,0.168,0.08,0.015
2025-09-04,23,Qui,0,23.12,nublado,0.0,0.0,0.048,0.001,0.0,0.116,0.046,0.212,0.212,0.0,fora_ponta,0.191,0.08,0.017
2025-09-05,0,Sex,0,18.34,chuva,0.0,0.0,0.027,0.002,0.0,0.093,0.043,0.165,0.165,0.0,fora_ponta,0.148,0.08,0.013
2025-09-05,1,Sex,0,18.07,parcial_nublado,0.0,0.0,0.043,0.007,0.0,0.075,0.034,0.159,0.159,0.0,fora_ponta,0.143,0.08,0.013
2025-09-05,2,Sex,0,18.75,chuva,0.0,0.0,0.027,0.019,0.0,0.104,0.035,0.185,0.185,0.0,fora_ponta,0.167,0.08,0.015
2025-09-05,3,Sex,0,18.82,parcial_nublado,0.0,0.0,0.015,0.007,0.0,0.114,0.047,0.183,0.183,0.0,fora_ponta,0.165,0.08,0.015
2025-09-05,4,Sex,0,18.01,parcial_nublado,0.0,0.0,0.024,0.015,0.0,0.073,0.026,0.139,0.139,0.0,fora_ponta,0.125,0.08,0.011
2025-09-05,5,Sex,0,19.88,ensolarado,0.0,0.0,0.011,0.013,0.0,0.116,0.036,0.176,0.176,0.0,fora_ponta,0.158,0.08,0.014
2025-09-05,6,Sex,0,21.21,chuva,0.0,0.0,0.034,0.002,0.0,0.074,0.031,0.141,0.141,0.0,fora_ponta,0.127,0.08,0.011
2025-09-05,7,Sex,0,22.22,chuva,34.94,0.045,0.028,0.019,0.0,0.0,0.034,0.083,0.037,0.045,fora_ponta,0.034,0.08,0.003
2025-09-05,8,Sex,0,20.78,parcial_nublado,315.0,0.409,0.174,0.098,0.0,0.008,0.047,0.327,0.0,0.327,fora_ponta,0.0,0.08,0.0
2025-09-05,9,Sex,0,23.71,chuva,95.46,0.124,0.15,0.1,0.0,0.0,0.056,0.306,0.181,0.124,fora_ponta,0.163,0.08,0.015
2025-09-05,10,Sex,0,21.26,nublado,311.77,0.405,0.17,0.079,0.0,0.004,0.032,0.284,0.0,0.284,fora_ponta,0.0,0.08,0.0
2025-09-05,11,Sex,0,22.15,ensolarado,869.33,1.13,0.132,0.065,0.0,0.019,0.021,0.237,0.0,0.237,fora_ponta,0.0,0.08,0.0
2025-09-05,12,Sex,0,26.52,nublado,360.0,0.468,0.172,0.051,0.0,0.004,0.055,0.282,0.0,0.282,fora_ponta,0.0,0.08,0.0
2025-09-05,13,Sex,0,28.07,nublado,347.73,0.452,0.156,0.057,0.406,0.013,0.024,0.656,0.203,0.452,fora_ponta,0.183,0.08,0.016
2025-09-05,14,Sex,0,25.29,chuva,116.91,0.152,0.13,0.089,0.742,0.004,0.045,1.01,0.858,0.152,fora_ponta,0.772,0.08,0.069
2025-09-05,15,Sex,0,27.18,ensolarado,636.4,0.827,0.126,0.053,0.407,0.027,0.034,0.647,0.0,0.647,fora_ponta,0.0,0.08,0.0
2025-09-05,16,Sex,0,27.47,ensolarado,450.0,0.585,0.142,0.071,0.733,0.008,0.025,0.979,0.394,0.585,fora_ponta,0.355,0.08,0.032
2025-09-05,17,Sex,0,25.64,chuva,34.94,0.045,0.172,0.054,0.498,0.025,0.053,0.801,0.756,0.045,fora_ponta,0.68,0.08,0.06
2025-09-05,18,Sex,0,24.83,parcial_nublado,0.0,0.0,0.13,0.055,0.544,0.019,0.059,0.806,0.806,0.0,ponta,0.967,0.08,0.064
2025-09-05,19,Sex,0,24.57,ensolarado,0.0,0.0,0.032,0.002,0.0,0.098,0.048,0.18,0.18,0.0,ponta,0.216,0.08,0.014
2025-09-05,20,Sex,0,22.32,parcial_nublado,0.0,0.0,0.027,0.004,0.0,0.092,0.026,0.149,0.149,0.0,ponta,0.178,0.08,0.012
2025-09-05,21,Sex,0,23.26,chuva,0.0,0.0,0.012,0.013,0.0,0.071,0.047,0.143,0.143,0.0,ponta,0.172,0.08,0.011
2025-09-05,22,Sex,0,24.81,chuva,0.0,0.0,0.04,0.013,0.0,0.108,0.038,0.199,0.199,0.0,fora_ponta,0.18,0.08,0.016
2025-09-05,23,Sex,0,23.75,parcial_nublado,0.0,0.0,0.042,0.016,0.0,0.078,0.05,0.185,0.185,0.0,fora_ponta,0.167,0.08,0.015
2025-09-06,0,Sab,1,19.2,chuva,0.0,0.0,0.038,0.008,0.0,0.058,0.028,0.132,0.132,0.0,fora_ponta,0.119,0.08,0.011
2025-09-06,1,Sab,1,18.97,ensolarado,0.0,0.0,0.035,0.016,0.0,0.058,0.035,0.144,0.144,0.0,fora_ponta,0.13,0.08,0.012
2025-09-06,2,Sab,1,20.5,chuva,0.0,0.0,0.024,0.012,0.0,0.078,0.024,0.138,0.138,0.0,fora_ponta,0.124,0.08,0.011
2025-09-06,3,Sab,1,18.91,nublado,0.0,0.0,0.029,0.01,0.0,0.068,0.042,0.149,0.149,0.0,fora_ponta,0.134,0.08,0.012
2025-09-06,4,Sab,1,19.7,ensolarado,0.0,0.0,0.017,0.02,0.0,0.091,0.029,0.157,0.157,0.0,fora_ponta,0.141,0.08,0.013
2025-09-06,5,Sab,1,21.0,ensolarado,0.0,0.0,0.011,0.003,0.0,0.085,0.039,0.139,0.139,0.0,fora_ponta,0.125,0.08,0.011
2025-09-06,6,Sab,1,20.32,nublado,0.0,0.0,0.016,0.014,0.0,0.099,0.028,0.157,0.157,0.0,fora_ponta,0.142,0.08,0.013
2025-09-06,7,Sab,1,25.88,nublado,93.17,0.121,0.021,0.0,0.0,0.012,0.058,0.091,0.0,0.091,fora_ponta,0.0,0.08,0.0
2025-09-06,8,Sab,1,22.34,nublado,180.0,0.234,0.01,0.008,0.0,0.03,0.026,0.074,0.0,0.074,fora_ponta,0.0,0.08,0.0
2025-09-06,9,Sab,1,24.11,nublado,254.56,0.331,0.018,0.012,0.0,0.003,0.025,0.058,0.0,0.058,fora_ponta,0.0,0.08,0.0
2025-09-06,10,Sab,1,25.3,chuva,116.91,0.152,0.012,0.001,0.0,0.017,0.055,0.085,0.0,0.085,fora_ponta,0.0,0.08,0.0
2025-09-06,11,Sab,1,24.79,ensolarado,869.33,1.13,0.012,0.003,0.0,0.016,0.029,0.06,0.0,0.06,fora_ponta,0.0,0.08,0.0
2025-09-06,12,Sab,1,29.5,nublado,360.0,0.468,0.042,0.01,0.0,0.018,0.035,0.105,0.0,0.105,fora_ponta,0.0,0.08,0.0
2025-09-06,13,Sab,1,27.0,parcial_nublado,608.53,0.791,0.029,0.018,0.634,0.023,0.034,0.737,0.0,0.737,fora_ponta,0.0,0.08,0.0
2025-09-06,14,Sab,1,30.6,nublado,311.77,0.405,0.039,0.002,0.52,0.018,0.026,0.604,0.199,0.405,fora_ponta,0.179,0.08,0.016
2025-09-06,15,Sab,1,30.77,ensolarado,636.4,0.827,0.027,0.017,0.782,0.021,0.032,0.878,0.051,0.827,fora_ponta,0.046,0.08,0.004
2025-09-06,16,Sab,1,26.48,nublado,180.0,0.234,0.027,0.016,0.677,0.006,0.025,0.75,0.516,0.234,fora_ponta,0.464,0.08,0.041
2025-09-06,17,Sab,1,28.02,chuva,34.94,0.045,0.039,0.005,0.622,0.011,0.028,0.704,0.659,0.045,fora_ponta,0.593,0.08,0.053
2025-09-06,18,Sab,1,25.2,parcial_nublado,0.0,0.0,0.027,0.009,0.729,0.003,0.033,0.801,0.801,0.0,ponta,0.962,0.08,0.064
2025-09-06,19,Sab,1,24.47,nublado,0.0,0.0,0.044,0.004,0.0,0.092,0.027,0.167,0.167,0.0,ponta,0.2,0.08,0.013
2025-09-06,20,Sab,1,23.43,parcial_nublado,0.0,0.0,0.021,0.001,0.0,0.086,0.023,0.131,0.131,0.0,ponta,0.157,0.08,0.01
2025-09-06,21,Sab,1,25.5,parcial_nublado,0.0,0.0,0.037,0.003,0.0,0.074,0.021,0.135,0.135,0.0,ponta,0.162,0.08,0.011
2025-09-06,22,Sab,1,23.81,chuva,0.0,0.0,0.022,0.02,0.0,0.057,0.059,0.157,0.157,0.0,fora_ponta,0.141,0.08,0.013
2025-09-06,23,Sab,1,23.69,ensolarado,0.0,0.0,0.014,0.0,0.0,0.054,0.046,0.114,0.114,0.0,fora_ponta,0.102,0.08,0.009
2025-09-07,0,Dom,1,19.58,ensolarado,0.0,0.0,0.043,0.016,0.0,0.09,0.06,0.209,0.209,0.0,fora_ponta,0.188,0.08,0.017
2025-09-07,1,Dom,1,19.96,parcial_nublado,0.0,0.0,0.04,0.011,0.0,0.056,0.03,0.137,0.137,0.0,fora_ponta,0.123,0.08,0.011
2025-09-07,2,Dom,1,20.09,parcial_nublado,0.0,0.0,0.029,0.007,0.0,0.105,0.031,0.172,0.172,0.0,fora_ponta,0.155,0.08,0.014
2025-09-07,3,Dom,1,18.78,parcial_nublado,0.0,0.0,0.021,0.017,0.0,0.101,0.052,0.19,0.19,0.0,fora_ponta,0.171,0.08,0.015
2025-09-07,4,Dom,1,19.97,ensolarado,0.0,0.0,0.026,0.018,0.0,0.053,0.025,0.123,0.123,0.0,fora_ponta,0.111,0.08,0.01
2025-09-07,5,Dom,1,18.66,nublado,0.0,0.0,0.027,0.004,0.0,0.078,0.035,0.143,0.143,0.0,fora_ponta,0.129,0.08,0.011
2025-09-07,6,Dom,1,23.51,chuva,0.0,0.0,0.045,0.018,0.0,0.102,0.021,0.187,0.187,0.0,fora_ponta,0.168,0.08,0.015
2025-09-07,7,Dom,1,25.56,parcial_nublado,163.06,0.212,0.049,0.018,0.0,0.022,0.02,0.109,0.0,0.109,fora_ponta,0.0,0.08,0.0
2025-09-07,8,Dom,1,21.98,nublado,180.0,0.234,0.047,0.017,0.0,0.005,0.021,0.09,0.0,0.09,fora_ponta,0.0,0.08,0.0
2025-09-07,9,Dom,1,25.67,parcial_nublado,445.48,0.579,0.049,0.016,0.0,0.025,0.03,0.12,0.0,0.12,fora_ponta,0.0,0.08,0.0
2025-09-07,10,Dom,1,23.42,parcial_nublado,545.6,0.709,0.035,0.014,0.0,0.026,0.051,0.127,0.0,0.127,fora_ponta,0.0,0.08,0.0
2025-09-07,11,Dom,1,25.99,parcial_nublado,608.53,0.791,0.019,0.012,0.0,0.023,0.033,0.087,0.0,0.087,fora_ponta,0.0,0.08,0.0
2025-09-07,12,Dom,1,30.4,ensolarado,900.0,1.17,0.036,0.008,0.0,0.019,0.028,0.091,0.0,0.091,fora_ponta,0.0,0.08,0.0
2025-09-07,13,Dom,1,30.23,ensolarado,869.33,1.13,0.012,0.018,0.489,0.021,0.06,0.6,0.0,0.6,fora_ponta,0.0,0.08,0.0
2025-09-07,14,Dom,1,28.08,ensolarado,779.42,1.013,0.02,0.01,0.493,0.018,0.057,0.599,0.0,0.599,fora_ponta,0.0,0.08,0.0
2025-09-07,15,Dom,1,31.66,ensolarado,636.4,0.827,0.038,0.015,0.607,0.018,0.031,0.708,0.0,0.708,fora_ponta,0.0,0.08,0.0
2025-09-07,16,Dom,1,25.35,chuva,67.5,0.088,0.014,0.019,0.483,0.009,0.042,0.567,0.479,0.088,fora_ponta,0.431,0.08,0.038
2025-09-07,17,Dom,1,31.83,nublado,93.17,0.121,0.045,0.007,0.509,0.001,0.041,0.603,0.482,0.121,fora_ponta,0.434,0.08,0.039
2025-09-07,18,Dom,1,23.95,nublado,0.0,0.0,0.012,0.014,0.0,0.024,0.045,0.097,0.097,0.0,ponta,0.116,0.08,0.008
2025-09-07,19,Dom,1,24.49,chuva,0.0,0.0,0.036,0.015,0.0,0.079,0.059,0.19,0.19,0.0,ponta,0.228,0.08,0.015
2025-09-07,20,Dom,1,24.85,nublado,0.0,0.0,0.013,0.02,0.0,0.096,0.045,0.173,0.173,0.0,ponta,0.208,0.08,0.014
2025-09-07,21,Dom,1,24.41,nublado,0.0,0.0,0.04,0.009,0.0,0.095,0.047,0.191,0.191,0.0,ponta,0.23,0.08,0.015
2025-09-07,22,Dom,1,23.8,nublado,0.0,0.0,0.029,0.004,0.0,0.096,0.022,0.151,0.151,0.0,fora_ponta,0.136,0.08,0.012
2025-09-07,23,Dom,1,23.58,ensolarado,0.0,0.0,0.011,0.019,0.0,0.057,0.022,0.109,0.109,0.0,fora_ponta,0.098,0.08,0.009
2025-09-08,0,Seg,0,20.42,ensolarado,0.0,0.0,0.043,0.003,0.0,0.052,0.058,0.156,0.156,0.0,fora_ponta,0.14,0.08,0.012
2025-09-08,1,Seg,0,19.06,nublado,0.0,0.0,0.024,0.002,0.0,0.105,0.056,0.187,0.187,0.0,fora_ponta,0.168,0.08,0.015
2025-09-08,2,Seg,0,18.9,chuva,0.0,0.0,0.021,0.0,0.0,0.096,0.056,0.173,0.173,0.0,fora_ponta,0.155,0.08,0.014
2025-09-08,3,Seg,0,21.76,chuva,0.0,0.0,0.035,0.016,0.0,0.055,0.05,0.156,0.156,0.0,fora_ponta,0.141,0.08,0.012
2025-09-08,4,Seg,0,18.51,nublado,0.0,0.0,0.018,0.004,0.0,0.119,0.054,0.194,0.194,0.0,fora_ponta,0.174,0.08,0.016
2025-09-08,5,Seg,0,18.42,parcial_nublado,0.0,0.0,0.048,0.005,0.0,0.094,0.022,0.168,0.168,0.0,fora_ponta,0.151,0.08,0.013
2025-09-08,6,Seg,0,23.29,nublado,0.0,0.0,0.033,0.014,0.0,0.11,0.026,0.183,0.183,0.0,fora_ponta,0.165,0.08,0.015
2025-09-08,7,Seg,0,22.43,parcial_nublado,163.06,0.212,0.032,0.018,0.0,0.017,0.04,0.107,0.0,0.107,fora_ponta,0.0,0.08,0.0
2025-09-08,8,Seg,0,25.25,parcial_nublado,315.0,0.409,0.129,0.062,0.0,0.029,0.023,0.244,0.0,0.244,fora_ponta,0.0,0.08,0.0
2025-09-08,9,Seg,0,20.99,chuva,95.46,0.124,0.138,0.064,0.0,0.027,0.021,0.25,0.126,0.124,fora_ponta,0.114,0.08,0.01
2025-09-08,10,Seg,0,21.01,nublado,311.77,0.405,0.148,0.077,0.0,0.002,0.055,0.281,0.0,0.281,fora_ponta,0.0,0.08,0.0
2025-09-08,11,Seg,0,25.77,chuva,130.4,0.17,0.175,0.06,0.0,0.027,0.025,0.287,0.117,0.17,fora_ponta,0.106,0.08,0.009
2025-09-08,12,Seg,0,30.99,parcial_nublado,630.0,0.819,0.127,0.064,0.0,0.023,0.021,0.234,0.0,0.234,fora_ponta,0.0,0.08,0.0
2025-09-08,13,Seg,0,31.51,nublado,347.73,0.452,0.165,0.088,0.554,0.018,0.053,0.878,0.426,0.452,fora_ponta,0.383,0.08,0.034
2025-09-08,14,Seg,0,31.45,ensolarado,779.42,1.013,0.177,0.095,0.752,0.029,0.047,1.1,0.087,1.013,fora_ponta,0.078,0.08,0.007
2025-09-08,15,Seg,0,25.85,chuva,95.46,0.124,0.161,0.062,0.471,0.009,0.04,0.742,0.618,0.124,fora_ponta,0.556,0.08,0.049
2025-09-08,16,Seg,0,27.85,chuva,67.5,0.088,0.126,0.079,0.714,0.012,0.033,0.964,0.876,0.088,fora_ponta,0.789,0.08,0.07
2025-09-08,17,Seg,0,27.12,chuva,34.94,0.045,0.133,0.099,0.749,0.022,0.047,1.05,1.004,0.045,fora_ponta,0.904,0.08,0.08
2025-09-08,18,Seg,0,22.94,nublado,0.0,0.0,0.126,0.096,0.0,0.002,0.048,0.272,0.272,0.0,ponta,0.326,0.08,0.022
2025-09-08,19,Seg,0,24.54,ensolarado,0.0,0.0,0.016,0.012,0.0,0.099,0.046,0.173,0.173,0.0,ponta,0.207,0.08,0.014
2025-09-08,20,Seg,0,24.25,chuva,0.0,0.0,0.028,0.012,0.0,0.113,0.03,0.183,0.183,0.0,ponta,0.219,0.08,0.015
2025-09-08,21,Seg,0,24.34,chuva,0.0,0.0,0.043,0.003,0.0,0.087,0.03,0.163,0.163,0.0,ponta,0.196,0.08,0.013
2025-09-08,22,Seg,0,24.85,parcial_nublado,0.0,0.0,0.043,0.017,0.0,0.112,0.041,0.213,0.213,0.0,fora_ponta,0.192,0.08,0.017
2025-09-08,23,Seg,0,25.83,parcial_nublado,0.0,0.0,0.014,0.002,0.0,0.075,0.031,0.123,0.123,0.0,fora_ponta,0.11,0.08,0.01
2025-09-09,0,Ter,0,20.3,nublado,0.0,0.0,0.014,0.011,0.0,0.052,0.035,0.113,0.113,0.0,fora_ponta,0.101,0.08,0.009
2025-09-09,1,Ter,0,20.55,parcial_nublado,0.0,0.0,0.03,0.018,0.0,0.118,0.047,0.213,0.213,0.0,fora_ponta,0.191,0.08,0.017
2025-09-09,2,Ter,0,20.73,ensolarado,0.0,0.0,0.031,0.008,0.0,0.063,0.048,0.15,0.15,0.0,fora_ponta,0.135,0.08,0.012
2025-09-09,3,Ter,0,19.1,parcial_nublado,0.0,0.0,0.024,0.016,0.0,0.092,0.028,0.16,0.16,0.0,fora_ponta,0.144,0.08,0.013
2025-09-09,4,Ter,0,21.87,parcial_nublado,0.0,0.0,0.015,0.016,0.0,0.085,0.028,0.145,0.145,0.0,fora_ponta,0.13,0.08,0.012
2025-09-09,5,Ter,0,18.36,ensolarado,0.0,0.0,0.043,0.007,0.0,0.1,0.033,0.184,0.184,0.0,fora_ponta,0.165,0.08,0.015
2025-09-09,6,Ter,0,23.99,chuva,0.0,0.0,0.023,0.01,0.0,0.093,0.048,0.174,0.174,0.0,fora_ponta,0.157,0.08,0.014
2025-09-09,7,Ter,0,21.79,parcial_nublado,163.06,0.212,0.024,0.003,0.0,0.007,0.054,0.088,0.0,0.088,fora_ponta,0.0,0.08,0.0
2025-09-09,8,Ter,0,20.68,nublado,180.0,0.234,0.174,0.054,0.0,0.01,0.044,0.282,0.048,0.234,fora_ponta,0.043,0.08,0.004
2025-09-09,9,Ter,0,24.05,nublado,254.56,0.331,0.147,0.082,0.0,0.029,0.026,0.284,0.0,0.284,fora_ponta,0.0,0.08,0.0
2025-09-09,10,Ter,0,25.3,parcial_nublado,545.6,0.709,0.173,0.072,0.0,0.023,0.05,0.318,0.0,0.318,fora_ponta,0.0,0.08,0.0
2025-09-09,11,Ter,0,21.52,parcial_nublado,608.53,0.791,0.176,0.073,0.0,0.006,0.05,0.304,0.0,0.304,fora_ponta,0.0,0.08,0.0
2025-09-09,12,Ter,0,28.14,parcial_nublado,630.0,0.819,0.136,0.086,0.0,0.029,0.038,0.289,0.0,0.289,fora_ponta,0.0,0.08,0.0
2025-09-09,13,Ter,0,31.86,chuva,130.4,0.17,0.166,0.059,0.616,0.009,0.028,0.877,0.708,0.17,fora_ponta,0.637,0.08,0.057
2025-09-09,14,Ter,0,29.38,chuva,116.91,0.152,0.143,0.085,0.518,0.001,0.039,0.785,0.633,0.152,fora_ponta,0.57,0.08,0.051
2025-09-09,15,Ter,0,28.22,parcial_nublado,445.48,0.579,0.131,0.059,0.528,0.023,0.047,0.788,0.209,0.579,fora_ponta,0.188,0.08,0.017
2025-09-09,16,Ter,0,30.21,parcial_nublado,315.0,0.409,0.156,0.06,0.559,0.016,0.057,0.847,0.438,0.409,fora_ponta,0.394,0.08,0.035
2025-09-09,17,Ter,0,29.67,ensolarado,232.94,0.303,0.175,0.075,0.712,0.013,0.032,1.007,0.705,0.303,fora_ponta,0.634,0.08,0.056
2025-09-09,18,Ter,0,22.45,parcial_nublado,0.0,0.0,0.128,0.074,0.0,0.014,0.047,0.263,0.263,0.0,ponta,0.315,0.08,0.021
2025-09-09,19,Ter,0,22.55,ensolarado,0.0,0.0,0.02,0.007,0.0,0.068,0.027,0.123,0.123,0.0,ponta,0.147,0.08,0.01
2025-09-09,20,Ter,0,25.8,nublado,0.0,0.0,0.015,0.011,0.0,0.077,0.045,0.147,0.147,0.0,ponta,0.177,0.08,0.012
2025-09-09,21,Ter,0,23.77,parcial_nublado,0.0,0.0,0.043,0.008,0.0,0.093,0.056,0.2,0.2,0.0,ponta,0.24,0.08,0.016
2025-09-09,22,Ter,0,25.05,chuva,0.0,0.0,0.01,0.014,0.0,0.065,0.028,0.118,0.118,0.0,fora_ponta,0.106,0.08,0.009
2025-09-09,23,Ter,0,22.19,parcial_nublado,0.0,0.0,0.044,0.017,0.0,0.055,0.055,0.172,0.172,0.0,fora_ponta,0.154,0.08,0.014
2025-09-10,0,Qua,0,18.2,chuva,0.0,0.0,0.034,0.014,0.0,0.075,0.046,0.168,0.168,0.0,fora_ponta,0.152,0.08,0.013
2025-09-10,1,Qua,0,18.99,nublado,0.0,0.0,0.033,0.015,0.0,0.077,0.036,0.161,0.161,0.0,fora_ponta,0.145,0.08,0.013
2025-09-10,2,Qua,0,18.22,parcial_nublado,0.0,0.0,0.018,0.005,0.0,0.107,0.027,0.157,0.157,0.0,fora_ponta,0.141,0.08,0.013
2025-09-10,3,Qua,0,20.13,parcial_nublado,0.0,0.0,0.015,0.004,0.0,0.083,0.06,0.162,0.162,0.0,fora_ponta,0.146,0.08,0.013
2025-09-10,4,Qua,0,21.85,nublado,0.0,0.0,0.027,0.0,0.0,0.059,0.027,0.113,0.113,0.0,fora_ponta,0.102,0.08,0.009
2025-09-10,5,Qua,0,21.94,parcial_nublado,0.0,0.0,0.036,0.018,0.0,0.089,0.045,0.189,0.189,0.0,fora_ponta,0.17,0.08,0.015
2025-09-10,6,Qua,0,22.84,chuva,0.0,0.0,0.012,0.012,0.0,0.051,0.022,0.097,0.097,0.0,fora_ponta,0.088,0.08,0.008
2025-09-10,7,Qua,0,23.69,nublado,93.17,0.121,0.048,0.016,0.0,0.014,0.029,0.107,0.0,0.107,fora_ponta,0.0,0.08,0.0
2025-09-10,8,Qua,0,24.53,parcial_nublado,315.0,0.409,0.128,0.073,0.0,0.027,0.04,0.268,0.0,0.268,fora_ponta,0.0,0.08,0.0
2025-09-10,9,Qua,0,20.74,ensolarado,636.4,0.827,0.148,0.09,0.0,0.024,0.034,0.295,0.0,0.295,fora_ponta,0.0,0.08,0.0
2025-09-10,10,Qua,0,22.17,chuva,116.91,0.152,0.139,0.069,0.0,0.0,0.058,0.266,0.114,0.152,fora_ponta,0.103,0.08,0.009
2025-09-10,11,Qua,0,20.29,parcial_nublado,608.53,0.791,0.131,0.081,0.0,0.005,0.059,0.276,0.0,0.276,fora_ponta,0.0,0.08,0.0
2025-09-10,12,Qua,0,30.86,chuva,135.0,0.175,0.169,0.063,0.0,0.006,0.033,0.271,0.096,0.175,fora_ponta,0.086,0.08,0.008
2025-09-10,13,Qua,0,27.88,ensolarado,869.33,1.13,0.121,0.067,0.717,0.024,0.057,0.986,0.0,0.986,fora_ponta,0.0,0.08,0.0
2025-09-10,14,Qua,0,26.71,parcial_nublado,545.6,0.709,0.139,0.07,0.741,0.018,0.034,1.003,0.294,0.709,fora_ponta,0.265,0.08,0.024
2025-09-10,15,Qua,0,25.07,parcial_nublado,445.48,0.579,0.176,0.084,0.441,0.002,0.055,0.758,0.179,0.579,fora_ponta,0.161,0.08,0.014
2025-09-10,16,Qua,0,29.15,parcial_nublado,315.0,0.409,0.158,0.061,0.625,0.029,0.051,0.924,0.514,0.409,fora_ponta,0.463,0.08,0.041
2025-09-10,17,Qua,0,25.48,chuva,34.94,0.045,0.128,0.088,0.691,0.003,0.026,0.936,0.891,0.045,fora_ponta,0.802,0.08,0.071
2025-09-10,18,Qua,0,23.82,parcial_nublado,0.0,0.0,0.133,0.09,0.0,0.026,0.032,0.281,0.281,0.0,ponta,0.338,0.08,0.023
2025-09-10,19,Qua,0,23.9,nublado,0.0,0.0,0.031,0.015,0.0,0.096,0.046,0.188,0.188,0.0,ponta,0.226,0.08,0.015
2025-09-10,20,Qua,0,23.0,chuva,0.0,0.0,0.031,0.017,0.0,0.096,0.048,0.193,0.193,0.0,ponta,0.231,0.08,0.015
2025-09-10,21,Qua,0,22.65,chuva,0.0,0.0,0.019,0.011,0.0,0.058,0.031,0.119,0.119,0.0,ponta,0.143,0.08,0.01
2025-09-10,22,Qua,0,25.94,chuva,0.0,0.0,0.025,0.012,0.0,0.076,0.03,0.143,0.143,0.0,fora_ponta,0.128,0.08,0.011
2025-09-10,23,Qua,0,24.25,ensolarado,0.0,0.0,0.037,0.004,0.0,0.052,0.037,0.13,0.13,0.0,fora_ponta,0.117,0.08,0.01
2025-09-11,0,Qui,0,20.53,ensolarado,0.0,0.0,0.017,0.016,0.0,0.06,0.038,0.131,0.131,0.0,fora_ponta,0.118,0.08,0.01
2025-09-11,1,Qui,0,20.78,ensolarado,0.0,0.0,0.048,0.016,0.0,0.093,0.045,0.203,0.203,0.0,fora_ponta,0.183,0.08,0.016
2025-09-11,2,Qui,0,19.35,nublado,0.0,0.0,0.011,0.01,0.0,0.119,0.047,0.187,0.187,0.0,fora_ponta,0.168,0.08,0.015
2025-09-11,3,Qui,0,19.04,ensolarado,0.0,0.0,0.022,0.008,0.0,0.054,0.047,0.132,0.132,0.0,fora_ponta,0.118,0.08,0.011
2025-09-11,4,Qui,0,21.71,nublado,0.0,0.0,0.036,0.014,0.0,0.058,0.037,0.145,0.145,0.0,fora_ponta,0.13,0.08,0.012
2025-09-11,5,Qui,0,20.58,nublado,0.0,0.0,0.023,0.009,0.0,0.103,0.024,0.159,0.159,0.0,fora_ponta,0.143,0.08,0.013
2025-09-11,6,Qui,0,21.28,parcial_nublado,0.0,0.0,0.016,0.002,0.0,0.072,0.033,0.123,0.123,0.0,fora_ponta,0.11,0.08,0.01
2025-09-11,7,Qui,0,21.53,parcial_nublado,163.06,0.212,0.032,0.002,0.0,0.008,0.028,0.071,0.0,0.071,fora_ponta,0.0,0.08,0.0
2025-09-11,8,Qui,0,21.41,chuva,67.5,0.088,0.122,0.063,0.0,0.012,0.041,0.238,0.151,0.088,fora_ponta,0.136,0.08,0.012
2025-09-11,9,Qui,0,24.35,nublado,254.56,0.331,0.142,0.086,0.0,0.015,0.021,0.265,0.0,0.265,fora_ponta,0.0,0.08,0.0
2025-09-11,10,Qui,0,22.22,chuva,116.91,0.152,0.153,0.093,0.0,0.01,0.035,0.291,0.139,0.152,fora_ponta,0.125,0.08,0.011
2025-09-11,11,Qui,0,20.64,nublado,347.73,0.452,0.156,0.093,0.0,0.012,0.05,0.312,0.0,0.312,fora_ponta,0.0,0.08,0.0
2025-09-11,12,Qui,0,25.28,nublado,360.0,0.468,0.142,0.075,0.0,0.009,0.047,0.273,0.0,0.273,fora_ponta,0.0,0.08,0.0
2025-09-11,13,Qui,0,29.14,nublado,347.73,0.452,0.169,0.066,0.699,0.001,0.034,0.968,0.516,0.452,fora_ponta,0.464,0.08,0.041
2025-09-11,14,Qui,0,26.91,parcial_nublado,545.6,0.709,0.146,0.053,0.444,0.003,0.041,0.688,0.0,0.688,fora_ponta,0.0,0.08,0.0
2025-09-11,15,Qui,0,28.27,parcial_nublado,445.48,0.579,0.171,0.064,0.782,0.02,0.041,1.077,0.498,0.579,fora_ponta,0.448,0.08,0.04
2025-09-11,16,Qui,0,26.78,nublado,180.0,0.234,0.17,0.071,0.529,0.019,0.034,0.824,0.59,0.234,fora_ponta,0.531,0.08,0.047
2025-09-11,17,Qui,0,30.95,parcial_nublado,163.06,0.212,0.16,0.072,0.722,0.011,0.024,0.989,0.777,0.212,fora_ponta,0.699,0.08,0.062
2025-09-11,18,Qui,0,25.18,ensolarado,0.0,0.0,0.151,0.092,0.484,0.003,0.058,0.787,0.787,0.0,ponta,0.944,0.08,0.063
2025-09-11,19,Qui,0,23.01,parcial_nublado,0.0,0.0,0.032,0.003,0.0,0.106,0.045,0.186,0.186,0.0,ponta,0.223,0.08,0.015
2025-09-11,20,Qui,0,22.96,nublado,0.0,0.0,0.012,0.0,0.0,0.111,0.032,0.156,0.156,0.0,ponta,0.187,0.08,0.012
2025-09-11,21,Qui,0,24.34,ensolarado,0.0,0.0,0.038,0.001,0.0,0.056,0.055,0.151,0.151,0.0,ponta,0.181,0.08,0.012
2025-09-11,22,Qui,0,22.51,nublado,0.0,0.0,0.037,0.004,0.0,0.066,0.023,0.13,0.13,0.0,fora_ponta,0.117,0.08,0.01
2025-09-11,23,Qui,0,25.28,ensolarado,0.0,0.0,0.013,0.008,0.0,0.076,0.059,0.156,0.156,0.0,fora_ponta,0.14,0.08,0.012
2025-09-12,0,Sex,0,21.45,nublado,0.0,0.0,0.036,0.013,0.0,0.116,0.036,0.201,0.201,0.0,fora_ponta,0.181,0.08,0.016
2025-09-12,1,Sex,0,20.24,ensolarado,0.0,0.0,0.037,0.009,0.0,0.103,0.041,0.19,0.19,0.0,fora_ponta,0.171,0.08,0.015
2025-09-12,2,Sex,0,18.61,chuva,0.0,0.0,0.036,0.006,0.0,0.115,0.058,0.215,0.215,0.0,fora_ponta,0.193,0.08,0.017
2025-09-12,3,Sex,0,20.54,nublado,0.0,0.0,0.026,0.019,0.0,0.07,0.042,0.157,0.157,0.0,fora_ponta,0.141,0.08,0.013
2025-09-12,4,Sex,0,20.52,nublado,0.0,0.0,0.015,0.012,0.0,0.083,0.054,0.164,0.164,0.0,fora_ponta,0.147,0.08,0.013
2025-09-12,5,Sex,0,20.73,chuva,0.0,0.0,0.044,0.017,0.0,0.091,0.032,0.185,0.185,0.0,fora_ponta,0.167,0.08,0.015
2025-09-12,6,Sex,0,20.67,chuva,0.0,0.0,0.022,0.011,0.0,0.079,0.056,0.167,0.167,0.0,fora_ponta,0.15,0.08,0.013
2025-09-12,7,Sex,0,21.15,ensolarado,232.94,0.303,0.031,0.007,0.0,0.005,0.049,0.092,0.0,0.092,fora_ponta,0.0,0.08,0.0
2025-09-12,8,Sex,0,23.73,chuva,67.5,0.088,0.136,0.059,0.0,0.019,0.032,0.246,0.158,0.088,fora_ponta,0.142,0.08,0.013
2025-09-12,9,Sex,0,23.53,ensolarado,636.4,0.827,0.142,0.067,0.0,0.015,0.057,0.282,0.0,0.282,fora_ponta,0.0,0.08,0.0
2025-09-12,10,Sex,0,25.24,nublado,311.77,0.405,0.123,0.095,0.0,0.002,0.043,0.263,0.0,0.263,fora_ponta,0.0,0.08,0.0
2025-09-12,11,Sex,0,20.33,ensolarado,869.33,1.13,0.144,0.052,0.0,0.004,0.044,0.243,0.0,0.243,fora_ponta,0.0,0.08,0.0
2025-09-12,12,Sex,0,29.59,nublado,360.0,0.468,0.179,0.094,0.0,0.026,0.025,0.325,0.0,0.325,fora_ponta,0.0,0.08,0.0
2025-09-12,13,Sex,0,28.11,parcial_nublado,608.53,0.791,0.14,0.055,0.471,0.005,0.032,0.703,0.0,0.703,fora_ponta,0.0,0.08,0.0
2025-09-12,14,Sex,0,31.32,chuva,116.91,0.152,0.179,0.096,0.792,0.003,0.05,1.12,0.968,0.152,fora_ponta,0.872,0.08,0.077
2025-09-12,15,Sex,0,30.07,nublado,254.56,0.331,0.124,0.071,0.617,0.019,0.031,0.863,0.532,0.331,fora_ponta,0.479,0.08,0.043
2025-09-12,16,Sex,0,31.49,chuva,67.5,0.088,0.154,0.075,0.695,0.002,0.056,0.981,0.893,0.088,fora_ponta,0.804,0.08,0.071
2025-09-12,17,Sex,0,30.16,ensolarado,232.94,0.303,0.122,0.083,0.557,0.013,0.029,0.804,0.501,0.303,fora_ponta,0.451,0.08,0.04
2025-09-12,18,Sex,0,24.01,ensolarado,0.0,0.0,0.173,0.081,0.595,0.028,0.032,0.908,0.908,0.0,ponta,1.09,0.08,0.073
2025-09-12,19,Sex,0,23.65,ensolarado,0.0,0.0,0.035,0.007,0.0,0.062,0.032,0.137,0.137,0.0,ponta,0.164,0.08,0.011
2025-09-12,20,Sex,0,23.05,chuva,0.0,0.0,0.035,0.018,0.0,0.091,0.052,0.195,0.195,0.0,ponta,0.234,0.08,0.016
2025-09-12,21,Sex,0,24.31,chuva,0.0,0.0,0.036,0.016,0.0,0.06,0.059,0.171,0.171,0.0,ponta,0.205,0.08,0.014
2025-09-12,22,Sex,0,22.89,nublado,0.0,0.0,0.021,0.019,0.0,0.078,0.029,0.148,0.148,0.0,fora_ponta,0.133,0.08,0.012
2025-09-12,23,Sex,0,23.64,chuva,0.0,0.0,0.04,0.002,0.0,0.078,0.041,0.161,0.161,0.0,fora_ponta,0.145,0.08,0.013
2025-09-13,0,Sab,1,18.06,parcial_nublado,0.0,0.0,0.016,0.008,0.0,0.065,0.027,0.117,0.117,0.0,fora_ponta,0.105,0.08,0.009
2025-09-13,1,Sab,1,19.57,ensolarado,0.0,0.0,0.012,0.005,0.0,0.095,0.058,0.17,0.17,0.0,fora_ponta,0.153,0.08,0.014
2025-09-13,2,Sab,1,21.66,chuva,0.0,0.0,0.019,0.019,0.0,0.097,0.06,0.195,0.195,0.0,fora_ponta,0.175,0.08,0.016
2025-09-13,3,Sab,1,18.92,parcial_nublado,0.0,0.0,0.02,0.012,0.0,0.079,0.054,0.165,0.165,0.0,fora_ponta,0.149,0.08,0.013
2025-09-13,4,Sab,1,18.81,ensolarado,0.0,0.0,0.046,0.012,0.0,0.067,0.051,0.175,0.175,0.0,fora_ponta,0.158,0.08,0.014
2025-09-13,5,Sab,1,21.88,ensolarado,0.0,0.0,0.012,0.003,0.0,0.118,0.039,0.172,0.172,0.0,fora_ponta,0.155,0.08,0.014
2025-09-13,6,Sab,1,22.3,ensolarado,0.0,0.0,0.012,0.01,0.0,0.091,0.052,0.165,0.165,0.0,fora_ponta,0.148,0.08,0.013
2025-09-13,7,Sab,1,23.31,ensolarado,232.94,0.303,0.03,0.01,0.0,0.009,0.027,0.077,0.0,0.077,fora_ponta,0.0,0.08,0.0
2025-09-13,8,Sab,1,22.57,chuva,67.5,0.088,0.046,0.02,0.0,0.016,0.024,0.106,0.018,0.088,fora_ponta,0.016,0.08,0.001
2025-09-13,9,Sab,1,23.99,parcial_nublado,445.48,0.579,0.044,0.006,0.0,0.017,0.057,0.124,0.0,0.124,fora_ponta,0.0,0.08,0.0
2025-09-13,10,Sab,1,25.92,nublado,311.77,0.405,0.019,0.006,0.0,0.016,0.042,0.083,0.0,0.083,fora_ponta,0.0,0.08,0.0
2025-09-13,11,Sab,1,25.41,parcial_nublado,608.53,0.791,0.026,0.017,0.0,0.018,0.04,0.1,0.0,0.1,fora_ponta,0.0,0.08,0.0
2025-09-13,12,Sab,1,25.99,parcial_nublado,630.0,0.819,0.038,0.014,0.0,0.029,0.039,0.121,0.0,0.121,fora_ponta,0.0,0.08,0.0
2025-09-13,13,Sab,1,27.36,ensolarado,869.33,1.13,0.018,0.008,0.782,0.013,0.026,0.848,0.0,0.848,fora_ponta,0.0,0.08,0.0
2025-09-13,14,Sab,1,29.08,parcial_nublado,545.6,0.709,0.043,0.007,0.648,0.007,0.042,0.748,0.039,0.709,fora_ponta,0.035,0.08,0.003
2025-09-13,15,Sab,1,28.97,ensolarado,636.4,0.827,0.043,0.013,0.599,0.008,0.057,0.72,0.0,0.72,fora_ponta,0.0,0.08,0.0
2025-09-13,16,Sab,1,31.48,nublado,180.0,0.234,0.033,0.019,0.581,0.017,0.022,0.672,0.438,0.234,fora_ponta,0.394,0.08,0.035
2025-09-13,17,Sab,1,29.57,nublado,93.17,0.121,0.011,0.013,0.652,0.03,0.026,0.732,0.611,0.121,fora_ponta,0.55,0.08,0.049
2025-09-13,18,Sab,1,24.65,chuva,0.0,0.0,0.04,0.016,0.746,0.01,0.051,0.862,0.862,0.0,ponta,1.035,0.08,0.069
2025-09-13,19,Sab,1,25.78,ensolarado,0.0,0.0,0.041,0.011,0.0,0.096,0.045,0.194,0.194,0.0,ponta,0.232,0.08,0.015
2025-09-13,20,Sab,1,25.02,parcial_nublado,0.0,0.0,0.043,0.007,0.0,0.085,0.059,0.194,0.194,0.0,ponta,0.233,0.08,0.016
2025-09-13,21,Sab,1,24.71,chuva,0.0,0.0,0.03,0.007,0.0,0.084,0.045,0.166,0.166,0.0,ponta,0.199,0.08,0.013
2025-09-13,22,Sab,1,24.54,ensolarado,0.0,0.0,0.034,0.002,0.0,0.1,0.046,0.181,0.181,0.0,fora_ponta,0.163,0.08,0.015
2025-09-13,23,Sab,1,24.74,ensolarado,0.0,0.0,0.049,0.003,0.0,0.118,0.029,0.199,0.199,0.0,fora_ponta,0.179,0.08,0.016
2025-09-14,0,Dom,1,21.42,ensolarado,0.0,0.0,0.017,0.01,0.0,0.062,0.021,0.109,0.109,0.0,fora_ponta,0.098,0.08,0.009
2025-09-14,1,Dom,1,20.26,nublado,0.0,0.0,0.024,0.012,0.0,0.06,0.052,0.149,0.149,0.0,fora_ponta,0.134,0.08,0.012
2025-09-14,2,Dom,1,18.64,chuva,0.0,0.0,0.04,0.011,0.0,0.074,0.058,0.183,0.183,0.0,fora_ponta,0.164,0.08,0.015
2025-09-14,3,Dom,1,21.49,chuva,0.0,0.0,0.017,0.005,0.0,0.051,0.055,0.129,0.129,0.0,fora_ponta,0.116,0.08,0.01
2025-09-14,4,Dom,1,18.86,chuva,0.0,0.0,0.041,0.002,0.0,0.054,0.042,0.139,0.139,0.0,fora_ponta,0.126,0.08,0.011
2025-09-14,5,Dom,1,18.16,chuva,0.0,0.0,0.011,0.006,0.0,0.114,0.053,0.184,0.184,0.0,fora_ponta,0.166,0.08,0.015
2025-09-14,6,Dom,1,20.58,parcial_nublado,0.0,0.0,0.044,0.016,0.0,0.116,0.055,0.231,0.231,0.0,fora_ponta,0.208,0.08,0.018
2025-09-14,7,Dom,1,20.71,parcial_nublado,163.06,0.212,0.046,0.005,0.0,0.016,0.032,0.099,0.0,0.099,fora_ponta,0.0,0.08,0.0
2025-09-14,8,Dom,1,20.96,chuva,67.5,0.088,0.043,0.01,0.0,0.027,0.032,0.111,0.023,0.088,fora_ponta,0.021,0.08,0.002
2025-09-14,9,Dom,1,23.66,chuva,95.46,0.124,0.039,0.011,0.0,0.025,0.032,0.107,0.0,0.107,fora_ponta,0.0,0.08,0.0
2025-09-14,10,Dom,1,25.25,nublado,311.77,0.405,0.014,0.02,0.0,0.016,0.051,0.1,0.0,0.1,fora_ponta,0.0,0.08,0.0
2025-09-14,11,Dom,1,21.08,parcial_nublado,608.53,0.791,0.031,0.012,0.0,0.007,0.048,0.098,0.0,0.098,fora_ponta,0.0,0.08,0.0
2025-09-14,12,Dom,1,31.12,nublado,360.0,0.468,0.018,0.012,0.0,0.007,0.041,0.078,0.0,0.078,fora_ponta,0.0,0.08,0.0
2025-09-14,13,Dom,1,30.12,nublado,347.73,0.452,0.042,0.017,0.776,0.003,0.052,0.888,0.436,0.452,fora_ponta,0.393,0.08,0.035
2025-09-14,14,Dom,1,25.41,chuva,116.91,0.152,0.022,0.009,0.485,0.028,0.041,0.585,0.433,0.152,fora_ponta,0.39,0.08,0.035
2025-09-14,15,Dom,1,30.05,parcial_nublado,445.48,0.579,0.047,0.004,0.783,0.003,0.03,0.866,0.287,0.579,fora_ponta,0.259,0.08,0.023
2025-09-14,16,Dom,1,28.81,parcial_nublado,315.0,0.409,0.04,0.015,0.619,0.021,0.02,0.714,0.305,0.409,fora_ponta,0.274,0.08,0.024
2025-09-14,17,Dom,1,30.53,nublado,93.17,0.121,0.047,0.002,0.61,0.02,0.058,0.737,0.616,0.121,fora_ponta,0.554,0.08,0.049
2025-09-14,18,Dom,1,24.43,nublado,0.0,0.0,0.033,0.009,0.567,0.023,0.053,0.685,0.685,0.0,ponta,0.822,0.08,0.055
2025-09-14,19,Dom,1,23.87,parcial_nublado,0.0,0.0,0.024,0.001,0.0,0.075,0.041,0.141,0.141,0.0,ponta,0.169,0.08,0.011
2025-09-14,20,Dom,1,22.88,chuva,0.0,0.0,0.044,0.019,0.0,0.069,0.056,0.187,0.187,0.0,ponta,0.225,0.08,0.015
2025-09-14,21,Dom,1,23.68,ensolarado,0.0,0.0,0.02,0.019,0.0,0.101,0.039,0.179,0.179,0.0,ponta,0.215,0.08,0.014
2025-09-14,22,Dom,1,24.86,nublado,0.0,0.0,0.016,0.02,0.0,0.11,0.042,0.188,0.188,0.0,fora_ponta,0.169,0.08,0.015
2025-09-14,23,Dom,1,24.9,ensolarado,0.0,0.0,0.022,0.001,0.0,0.119,0.051,0.193,0.193,0.0,fora_ponta,0.174,0.08,0.015
2025-09-15,0,Seg,0,21.53,chuva,0.0,0.0,0.031,0.011,0.0,0.106,0.053,0.2,0.2,0.0,fora_ponta,0.18,0.08,0.016
2025-09-15,1,Seg,0,20.69,parcial_nublado,0.0,0.0,0.05,0.01,0.0,0.065,0.035,0.16,0.16,0.0,fora_ponta,0.144,0.08,0.013
2025-09-15,2,Seg,0,18.48,chuva,0.0,0.0,0.025,0.015,0.0,0.11,0.035,0.185,0.185,0.0,fora_ponta,0.166,0.08,0.015
2025-09-15,3,Seg,0,20.04,ensolarado,0.0,0.0,0.019,0.017,0.0,0.078,0.027,0.141,0.141,0.0,fora_ponta,0.127,0.08,0.011
2025-09-15,4,Seg,0,20.54,parcial_nublado,0.0,0.0,0.047,0.011,0.0,0.114,0.06,0.232,0.232,0.0,fora_ponta,0.209,0.08,0.019
2025-09-15,5,Seg,0,19.61,chuva,0.0,0.0,0.037,0.007,0.0,0.082,0.025,0.152,0.152,0.0,fora_ponta,0.137,0.08,0.012
2025-09-15,6,Seg,0,21.6,parcial_nublado,0.0,0.0,0.045,0.01,0.0,0.074,0.046,0.175,0.175,0.0,fora_ponta,0.157,0.08,0.014
2025-09-15,7,Seg,0,24.78,chuva,34.94,0.045,0.017,0.005,0.0,0.02,0.029,0.071,0.026,0.045,fora_ponta,0.023,0.08,0.002
2025-09-15,8,Seg,0,25.0,chuva,67.5,0.088,0.174,0.052,0.0,0.02,0.046,0.293,0.205,0.088,fora_ponta,0.184,0.08,0.016
2025-09-15,9,Seg,0,21.96,ensolarado,636.4,0.827,0.136,0.062,0.0,0.027,0.049,0.274,0.0,0.274,fora_ponta,0.0,0.08,0.0
2025-09-15,10,Seg,0,24.99,nublado,311.77,0.405,0.168,0.086,0.0,0.011,0.045,0.31,0.0,0.31,fora_ponta,0.0,0.08,0.0
2025-09-15,11,Seg,0,25.97,parcial_nublado,608.53,0.791,0.137,0.085,0.0,0.008,0.037,0.267,0.0,0.267,fora_ponta,0.0,0.08,0.0
2025-09-15,12,Seg,0,27.05,parcial_nublado,630.0,0.819,0.138,0.059,0.0,0.019,0.024,0.24,0.0,0.24,fora_ponta,0.0,0.08,0.0
2025-09-15,13,Seg,0,28.1,parcial_nublado,608.53,0.791,0.144,0.06,0.702,0.016,0.026,0.949,0.158,0.791,fora_ponta,0.142,0.08,0.013
2025-09-15,14,Seg,0,29.15,chuva,116.91,0.152,0.159,0.07,0.782,0.028,0.06,1.099,0.947,0.152,fora_ponta,0.852,0.08,0.076
2025-09-15,15,Seg,0,29.69,chuva,95.46,0.124,0.152,0.073,0.771,0.025,0.045,1.065,0.941,0.124,fora_ponta,0.847,0.08,0.075
2025-09-15,16,Seg,0,27.26,chuva,67.5,0.088,0.156,0.084,0.42,0.009,0.04,0.707,0.62,0.088,fora_ponta,0.558,0.08,0.05
2025-09-15,17,Seg,0,28.62,parcial_nublado,163.06,0.212,0.163,0.092,0.54,0.008,0.021,0.825,0.613,0.212,fora_ponta,0.552,0.08,0.049
2025-09-15,18,Seg,0,24.95,chuva,0.0,0.0,0.12,0.092,0.777,0.03,0.049,1.068,1.068,0.0,ponta,1.281,0.08,0.085
2025-09-15,19,Seg,0,23.29,chuva,0.0,0.0,0.032,0.004,0.0,0.079,0.054,0.169,0.169,0.0,ponta,0.203,0.08,0.014
2025-09-15,20,Seg,0,23.79,ensolarado,0.0,0.0,0.048,0.001,0.0,0.11,0.027,0.186,0.186,0.0,ponta,0.223,0.08,0.015
2025-09-15,21,Seg,0,25.02,chuva,0.0,0.0,0.046,0.008,0.0,0.116,0.034,0.204,0.204,0.0,ponta,0.245,0.08,0.016
2025-09-15,22,Seg,0,24.44,chuva,0.0,0.0,0.04,0.004,0.0,0.118,0.036,0.199,0.199,0.0,fora_ponta,0.179,0.08,0.016
2025-09-15,23,Seg,0,24.93,chuva,0.0,0.0,0.039,0.007,0.0,0.065,0.044,0.154,0.154,0.0,fora_ponta,0.139,0.08,0.012
2025-09-16,0,Ter,0,20.7,chuva,0.0,0.0,0.028,0.005,0.0,0.118,0.039,0.19,0.19,0.0,fora_ponta,0.171,0.08,0.015
2025-09-16,1,Ter,0,20.04,chuva,0.0,0.0,0.039,0.002,0.0,0.069,0.022,0.132,0.132,0.0,fora_ponta,0.119,0.08,0.011
2025-09-16,2,Ter,0,19.85,chuva,0.0,0.0,0.028,0.011,0.0,0.068,0.044,0.15,0.15,0.0,fora_ponta,0.135,0.08,0.012
2025-09-16,3,Ter,0,21.97,chuva,0.0,0.0,0.03,0.011,0.0,0.105,0.052,0.198,0.198,0.0,fora_ponta,0.179,0.08,0.016
2025-09-16,4,Ter,0,19.2,chuva,0.0,0.0,0.012,0.017,0.0,0.087,0.048,0.165,0.165,0.0,fora_ponta,0.148,0.08,0.013
2025-09-16,5,Ter,0,18.28,ensolarado,0.0,0.0,0.029,0.019,0.0,0.086,0.03,0.164,0.164,0.0,fora_ponta,0.148,0.08,0.013
2025-09-16,6,Ter,0,22.08,nublado,0.0,0.0,0.04,0.006,0.0,0.097,0.046,0.189,0.189,0.0,fora_ponta,0.17,0.08,0.015
2025-09-16,7,Ter,0,21.97,nublado,93.17,0.121,0.026,0.018,0.0,0.015,0.057,0.116,0.0,0.116,fora_ponta,0.0,0.08,0.0
2025-09-16,8,Ter,0,20.63,parcial_nublado,315.0,0.409,0.129,0.085,0.0,0.012,0.059,0.285,0.0,0.285,fora_ponta,0.0,0.08,0.0
2025-09-16,9,Ter,0,22.93,parcial_nublado,445.48,0.579,0.126,0.074,0.0,0.006,0.055,0.261,0.0,0.261,fora_ponta,0.0,0.08,0.0
2025-09-16,10,Ter,0,25.13,nublado,311.77,0.405,0.177,0.061,0.0,0.007,0.052,0.296,0.0,0.296,fora_ponta,0.0,0.08,0.0
2025-09-16,11,Ter,0,22.52,nublado,347.73,0.452,0.162,0.053,0.0,0.007,0.055,0.277,0.0,0.277,fora_ponta,0.0,0.08,0.0
2025-09-16,12,Ter,0,29.77,ensolarado,900.0,1.17,0.163,0.091,0.0,0.024,0.032,0.31,0.0,0.31,fora_ponta,0.0,0.08,0.0
2025-09-16,13,Ter,0,26.98,chuva,130.4,0.17,0.157,0.075,0.488,0.019,0.057,0.796,0.626,0.17,fora_ponta,0.563,0.08,0.05
2025-09-16,14,Ter,0,27.49,nublado,311.77,0.405,0.132,0.051,0.563,0.001,0.048,0.795,0.39,0.405,fora_ponta,0.351,0.08,0.031
2025-09-16,15,Ter,0,28.84,ensolarado,636.4,0.827,0.134,0.078,0.404,0.029,0.042,0.687,0.0,0.687,fora_ponta,0.0,0.08,0.0
2025-09-16,16,Ter,0,28.98,ensolarado,450.0,0.585,0.148,0.076,0.749,0.001,0.047,1.022,0.437,0.585,fora_ponta,0.393,0.08,0.035
2025-09-16,17,Ter,0,30.39,parcial_nublado,163.06,0.212,0.134,0.087,0.541,0.007,0.057,0.825,0.613,0.212,fora_ponta,0.552,0.08,0.049
2025-09-16,18,Ter,0,22.78,nublado,0.0,0.0,0.126,0.082,0.0,0.002,0.055,0.266,0.266,0.0,ponta,0.319,0.08,0.021
2025-09-16,19,Ter,0,23.91,parcial_nublado,0.0,0.0,0.019,0.001,0.0,0.085,0.058,0.162,0.162,0.0,ponta,0.195,0.08,0.013
2025-09-16,20,Ter,0,24.73,parcial_nublado,0.0,0.0,0.031,0.002,0.0,0.117,0.034,0.184,0.184,0.0,ponta,0.221,0.08,0.015
2025-09-16,21,Ter,0,25.25,ensolarado,0.0,0.0,0.037,0.01,0.0,0.118,0.053,0.218,0.218,0.0,ponta,0.262,0.08,0.017
2025-09-16,22,Ter,0,22.99,nublado,0.0,0.0,0.037,0.011,0.0,0.11,0.041,0.2,0.2,0.0,fora_ponta,0.18,0.08,0.016
2025-09-16,23,Ter,0,24.18,parcial_nublado,0.0,0.0,0.011,0.013,0.0,0.052,0.052,0.129,0.129,0.0,fora_ponta,0.116,0.08,0.01
2025-09-17,0,Qua,0,18.1,ensolarado,0.0,0.0,0.032,0.008,0.0,0.052,0.056,0.148,0.148,0.0,fora_ponta,0.133,0.08,0.012
2025-09-17,1,Qua,0,19.93,chuva,0.0,0.0,0.04,0.008,0.0,0.095,0.058,0.202,0.202,0.0,fora_ponta,0.181,0.08,0.016
2025-09-17,2,Qua,0,20.46,parcial_nublado,0.0,0.0,0.012,0.012,0.0,0.117,0.045,0.187,0.187,0.0,fora_ponta,0.168,0.08,0.015
2025-09-17,3,Qua,0,19.92,ensolarado,0.0,0.0,0.028,0.015,0.0,0.114,0.047,0.205,0.205,0.0,fora_ponta,0.185,0.08,0.016
2025-09-17,4,Qua,0,21.9,chuva,0.0,0.0,0.049,0.007,0.0,0.104,0.028,0.187,0.187,0.0,fora_ponta,0.169,0.08,0.015
2025-09-17,5,Qua,0,21.62,parcial_nublado,0.0,0.0,0.036,0.004,0.0,0.099,0.039,0.178,0.178,0.0,fora_ponta,0.16,0.08,0.014
2025-09-17,6,Qua,0,24.63,ensolarado,0.0,0.0,0.012,0.017,0.0,0.081,0.046,0.156,0.156,0.0,fora_ponta,0.14,0.08,0.012
2025-09-17,7,Qua,0,25.03,nublado,93.17,0.121,0.048,0.012,0.0,0.0,0.035,0.095,0.0,0.095,fora_ponta,0.0,0.08,0.0
2025-09-17,8,Qua,0,23.55,parcial_nublado,315.0,0.409,0.162,0.064,0.0,0.014,0.03,0.27,0.0,0.27,fora_ponta,0.0,0.08,0.0
2025-09-17,9,Qua,0,24.84,nublado,254.56,0.331,0.128,0.078,0.0,0.004,0.037,0.246,0.0,0.246,fora_ponta,0.0,0.08,0.0
2025-09-17,10,Qua,0,21.33,chuva,116.91,0.152,0.125,0.058,0.0,0.003,0.029,0.215,0.063,0.152,fora_ponta,0.057,0.08,0.005
2025-09-17,11,Qua,0,21.59,nublado,347.73,0.452,0.121,0.084,0.0,0.024,0.033,0.262,0.0,0.262,fora_ponta,0.0,0.08,0.0
2025-09-17,12,Qua,0,25.09,parcial_nublado,630.0,0.819,0.177,0.055,0.0,0.011,0.042,0.285,0.0,0.285,fora_ponta,0.0,0.08,0.0
2025-09-17,13,Qua,0,31.56,parcial_nublado,608.53,0.791,0.14,0.086,0.762,0.02,0.036,1.044,0.253,0.791,fora_ponta,0.227,0.08,0.02
2025-09-17,14,Qua,0,28.57,parcial_nublado,545.6,0.709,0.142,0.086,0.585,0.015,0.035,0.863,0.154,0.709,fora_ponta,0.139,0.08,0.012
2025-09-17,15,Qua,0,26.84,nublado,254.56,0.331,0.153,0.091,0.569,0.012,0.029,0.855,0.524,0.331,fora_ponta,0.471,0.08,0.042
2025-09-17,16,Qua,0,29.34,nublado,180.0,0.234,0.159,0.066,0.559,0.027,0.027,0.839,0.605,0.234,fora_ponta,0.544,0.08,0.048
2025-09-17,17,Qua,0,27.76,parcial_nublado,163.06,0.212,0.123,0.084,0.452,0.017,0.026,0.701,0.49,0.212,fora_ponta,0.441,0.08,0.039
2025-09-17,18,Qua,0,22.78,ensolarado,0.0,0.0,0.126,0.089,0.0,0.011,0.023,0.249,0.249,0.0,ponta,0.299,0.08,0.02
2025-09-17,19,Qua,0,23.43,chuva,0.0,0.0,0.039,0.01,0.0,0.084,0.044,0.178,0.178,0.0,ponta,0.213,0.08,0.014
2025-09-17,20,Qua,0,22.87,chuva,0.0,0.0,0.044,0.005,0.0,0.052,0.021,0.121,0.121,0.0,ponta,0.146,0.08,0.01
2025-09-17,21,Qua,0,23.14,ensolarado,0.0,0.0,0.036,0.014,0.0,0.106,0.046,0.201,0.201,0.0,ponta,0.241,0.08,0.016
2025-09-17,22,Qua,0,22.77,chuva,0.0,0.0,0.03,0.018,0.0,0.082,0.043,0.174,0.174,0.0,fora_ponta,0.156,0.08,0.014
2025-09-17,23,Qua,0,24.95,parcial_nublado,0.0,0.0,0.033,0.011,0.0,0.111,0.041,0.196,0.196,0.0,fora_ponta,0.176,0.08,0.016
2025-09-18,0,Qui,0,20.03,ensolarado,0.0,0.0,0.016,0.002,0.0,0.096,0.041,0.154,0.154,0.0,fora_ponta,0.139,0.08,0.012
2025-09-18,1,Qui,0,21.0,chuva,0.0,0.0,0.021,0.011,0.0,0.06,0.048,0.139,0.139,0.0,fora_ponta,0.125,0.08,0.011
2025-09-18,2,Qui,0,21.96,chuva,0.0,0.0,0.034,0.012,0.0,0.086,0.052,0.185,0.185,0.0,fora_ponta,0.166,0.08,0.015
2025-09-18,3,Qui,0,19.2,ensolarado,0.0,0.0,0.01,0.001,0.0,0.071,0.032,0.114,0.114,0.0,fora_ponta,0.103,0.08,0.009
2025-09-18,4,Qui,0,19.94,parcial_nublado,0.0,0.0,0.023,0.006,0.0,0.078,0.038,0.146,0.146,0.0,fora_ponta,0.131,0.08,0.012
2025-09-18,5,Qui,0,19.57,ensolarado,0.0,0.0,0.024,0.005,0.0,0.081,0.021,0.131,0.131,0.0,fora_ponta,0.118,0.08,0.01
2025-09-18,6,Qui,0,22.04,nublado,0.0,0.0,0.048,0.018,0.0,0.115,0.049,0.23,0.23,0.0,fora_ponta,0.207,0.08,0.018
2025-09-18,7,Qui,0,20.88,parcial_nublado,163.06,0.212,0.022,0.006,0.0,0.008,0.037,0.073,0.0,0.073,fora_ponta,0.0,0.08,0.0
2025-09-18,8,Qui,0,20.65,chuva,67.5,0.088,0.153,0.061,0.0,0.029,0.046,0.289,0.201,0.088,fora_ponta,0.181,0.08,0.016
2025-09-18,9,Qui,0,23.19,chuva,95.46,0.124,0.134,0.06,0.0,0.009,0.023,0.225,0.101,0.124,fora_ponta,0.091,0.08,0.008
2025-09-18,10,Qui,0,25.37,chuva,116.91,0.152,0.143,0.058,0.0,0.014,0.058,0.273,0.121,0.152,fora_ponta,0.109,0.08,0.01
2025-09-18,11,Qui,0,20.52,ensolarado,869.33,1.13,0.134,0.098,0.0,0.017,0.023,0.273,0.0,0.273,fora_ponta,0.0,0.08,0.0
2025-09-18,12,Qui,0,29.73,chuva,135.0,0.175,0.156,0.093,0.0,0.016,0.024,0.288,0.113,0.175,fora_ponta,0.101,0.08,0.009
2025-09-18,13,Qui,0,30.29,nublado,347.73,0.452,0.178,0.069,0.436,0.002,0.053,0.737,0.285,0.452,fora_ponta,0.257,0.08,0.023
2025-09-18,14,Qui,0,30.38,chuva,116.91,0.152,0.135,0.058,0.667,0.03,0.038,0.928,0.776,0.152,fora_ponta,0.698,0.08,0.062
2025-09-18,15,Qui,0,26.67,nublado,254.56,0.331,0.136,0.058,0.775,0.021,0.029,1.019,0.688,0.331,fora_ponta,0.62,0.08,0.055
2025-09-18,16,Qui,0,26.06,chuva,67.5,0.088,0.124,0.068,0.725,0.012,0.054,0.983,0.895,0.088,fora_ponta,0.806,0.08,0.072
2025-09-18,17,Qui,0,30.35,nublado,93.17,0.121,0.123,0.079,0.721,0.007,0.03,0.959,0.838,0.121,fora_ponta,0.754,0.08,0.067
2025-09-18,18,Qui,0,22.23,nublado,0.0,0.0,0.126,0.079,0.0,0.007,0.039,0.251,0.251,0.0,ponta,0.301,0.08,0.02
2025-09-18,19,Qui,0,24.54,chuva,0.0,0.0,0.018,0.014,0.0,0.12,0.044,0.195,0.195,0.0,ponta,0.234,0.08,0.016
2025-09-18,20,Qui,0,23.0,ensolarado,0.0,0.0,0.012,0.011,0.0,0.087,0.041,0.151,0.151,0.0,ponta,0.181,0.08,0.012
2025-09-18,21,Qui,0,24.03,ensolarado,0.0,0.0,0.025,0.011,0.0,0.113,0.048,0.197,0.197,0.0,ponta,0.237,0.08,0.016
2025-09-18,22,Qui,0,22.87,nublado,0.0,0.0,0.025,0.002,0.0,0.07,0.05,0.146,0.146,0.0,fora_ponta,0.132,0.08,0.012
2025-09-18,23,Qui,0,25.89,ensolarado,0.0,0.0,0.012,0.016,0.0,0.092,0.025,0.145,0.145,0.0,fora_ponta,0.13,0.08,0.012
2025-09-19,0,Sex,0,21.68,parcial_nublado,0.0,0.0,0.011,0.018,0.0,0.058,0.05,0.137,0.137,0.0,fora_ponta,0.123,0.08,0.011
2025-09-19,1,Sex,0,19.06,parcial_nublado,0.0,0.0,0.039,0.015,0.0,0.087,0.049,0.189,0.189,0.0,fora_ponta,0.17,0.08,0.015
2025-09-19,2,Sex,0,20.83,nublado,0.0,0.0,0.04,0.009,0.0,0.096,0.04,0.185,0.185,0.0,fora_ponta,0.166,0.08,0.015
2025-09-19,3,Sex,0,18.46,chuva,0.0,0.0,0.043,0.016,0.0,0.093,0.033,0.185,0.185,0.0,fora_ponta,0.166,0.08,0.015
2025-09-19,4,Sex,0,18.22,ensolarado,0.0,0.0,0.013,0.016,0.0,0.113,0.05,0.192,0.192,0.0,fora_ponta,0.173,0.08,0.015
2025-09-19,5,Sex,0,20.05,parcial_nublado,0.0,0.0,0.046,0.015,0.0,0.114,0.053,0.229,0.229,0.0,fora_ponta,0.206,0.08,0.018
2025-09-19,6,Sex,0,20.29,chuva,0.0,0.0,0.05,0.018,0.0,0.102,0.027,0.198,0.198,0.0,fora_ponta,0.178,0.08,0.016
2025-09-19,7,Sex,0,20.95,nublado,93.17,0.121,0.015,0.017,0.0,0.006,0.036,0.074,0.0,0.074,fora_ponta,0.0,0.08,0.0
2025-09-19,8,Sex,0,20.34,nublado,180.0,0.234,0.176,0.099,0.0,0.02,0.039,0.333,0.099,0.234,fora_ponta,0.089,0.08,0.008
2025-09-19,9,Sex,0,25.65,parcial_nublado,445.48,0.579,0.134,0.064,0.0,0.012,0.052,0.263,0.0,0.263,fora_ponta,0.0,0.08,0.0
2025-09-19,10,Sex,0,25.0,parcial_nublado,545.6,0.709,0.126,0.084,0.0,0.029,0.034,0.273,0.0,0.273,fora_ponta,0.0,0.08,0.0
2025-09-19,11,Sex,0,25.79,parcial_nublado,608.53,0.791,0.166,0.082,0.0,0.013,0.034,0.294,0.0,0.294,fora_ponta,0.0,0.08,0.0
2025-09-19,12,Sex,0,28.74,nublado,360.0,0.468,0.179,0.095,0.0,0.018,0.035,0.327,0.0,0.327,fora_ponta,0.0,0.08,0.0
2025-09-19,13,Sex,0,30.86,parcial_nublado,608.53,0.791,0.17,0.095,0.717,0.018,0.035,1.035,0.243,0.791,fora_ponta,0.219,0.08,0.019
2025-09-19,14,Sex,0,30.45,chuva,116.91,0.152,0.166,0.09,0.492,0.005,0.034,0.787,0.635,0.152,fora_ponta,0.571,0.08,0.051
2025-09-19,15,Sex,0,30.05,nublado,254.56,0.331,0.133,0.083,0.797,0.021,0.06,1.094,0.763,0.331,fora_ponta,0.687,0.08,0.061
2025-09-19,16,Sex,0,30.43,nublado,180.0,0.234,0.175,0.074,0.613,0.012,0.056,0.931,0.697,0.234,fora_ponta,0.627,0.08,0.056
2025-09-19,17,Sex,0,26.6,nublado,93.17,0.121,0.151,0.057,0.639,0.027,0.056,0.931,0.81,0.121,fora_ponta,0.729,0.08,0.065
2025-09-19,18,Sex,0,24.58,ensolarado,0.0,0.0,0.144,0.092,0.43,0.007,0.034,0.706,0.706,0.0,ponta,0.848,0.08,0.057
2025-09-19,19,Sex,0,22.69,chuva,0.0,0.0,0.037,0.019,0.0,0.053,0.038,0.147,0.147,0.0,ponta,0.177,0.08,0.012
2025-09-19,20,Sex,0,22.53,chuva,0.0,0.0,0.025,0.006,0.0,0.097,0.044,0.172,0.172,0.0,ponta,0.206,0.08,0.014
2025-09-19,21,Sex,0,24.21,nublado,0.0,0.0,0.026,0.016,0.0,0.064,0.03,0.137,0.137,0.0,ponta,0.164,0.08,0.011
2025-09-19,22,Sex,0,24.22,chuva,0.0,0.0,0.011,0.017,0.0,0.066,0.046,0.141,0.141,0.0,fora_ponta,0.127,0.08,0.011
2025-09-19,23,Sex,0,23.94,ensolarado,0.0,0.0,0.025,0.01,0.0,0.101,0.034,0.17,0.17,0.0,fora_ponta,0.153,0.08,0.014
2025-09-20,0,Sab,1,18.07,ensolarado,0.0,0.0,0.036,0.005,0.0,0.09,0.057,0.189,0.189,0.0,fora_ponta,0.17,0.08,0.015
2025-09-20,1,Sab,1,21.83,nublado,0.0,0.0,0.03,0.002,0.0,0.101,0.052,0.184,0.184,0.0,fora_ponta,0.166,0.08,0.015
2025-09-20,2,Sab,1,20.44,nublado,0.0,0.0,0.024,0.018,0.0,0.104,0.038,0.183,0.183,0.0,fora_ponta,0.165,0.08,0.015
2025-09-20,3,Sab,1,20.93,parcial_nublado,0.0,0.0,0.042,0.017,0.0,0.097,0.043,0.199,0.199,0.0,fora_ponta,0.179,0.08,0.016
2025-09-20,4,Sab,1,18.7,chuva,0.0,0.0,0.047,0.01,0.0,0.063,0.024,0.144,0.144,0.0,fora_ponta,0.13,0.08,0.012
2025-09-20,5,Sab,1,19.34,chuva,0.0,0.0,0.017,0.005,0.0,0.108,0.058,0.188,0.188,0.0,fora_ponta,0.169,0.08,0.015
2025-09-20,6,Sab,1,22.48,chuva,0.0,0.0,0.026,0.007,0.0,0.064,0.058,0.154,0.154,0.0,fora_ponta,0.139,0.08,0.012
2025-09-20,7,Sab,1,22.1,parcial_nublado,163.06,0.212,0.042,0.002,0.0,0.002,0.05,0.097,0.0,0.097,fora_ponta,0.0,0.08,0.0
2025-09-20,8,Sab,1,24.02,chuva,67.5,0.088,0.05,0.01,0.0,0.01,0.054,0.124,0.036,0.088,fora_ponta,0.033,0.08,0.003
2025-09-20,9,Sab,1,23.2,nublado,254.56,0.331,0.028,0.017,0.0,0.024,0.033,0.102,0.0,0.102,fora_ponta,0.0,0.08,0.0
2025-09-20,10,Sab,1,21.47,nublado,311.77,0.405,0.037,0.016,0.0,0.018,0.044,0.115,0.0,0.115,fora_ponta,0.0,0.08,0.0
2025-09-20,11,Sab,1,25.65,parcial_nublado,608.53,0.791,0.049,0.002,0.0,0.005,0.048,0.104,0.0,0.104,fora_ponta,0.0,0.08,0.0
2025-09-20,12,Sab,1,26.22,nublado,360.0,0.468,0.042,0.01,0.0,0.007,0.057,0.116,0.0,0.116,fora_ponta,0.0,0.08,0.0
2025-09-20,13,Sab,1,26.76,chuva,130.4,0.17,0.013,0.008,0.53,0.007,0.055,0.613,0.443,0.17,fora_ponta,0.399,0.08,0.035
2025-09-20,14,Sab,1,27.03,parcial_nublado,545.6,0.709,0.025,0.006,0.62,0.024,0.047,0.722,0.013,0.709,fora_ponta,0.012,0.08,0.001
2025-09-20,15,Sab,1,26.04,ensolarado,636.4,0.827,0.013,0.005,0.761,0.019,0.051,0.849,0.021,0.827,fora_ponta,0.019,0.08,0.002
2025-09-20,16,Sab,1,25.67,chuva,67.5,0.088,0.046,0.006,0.696,0.024,0.024,0.795,0.708,0.088,fora_ponta,0.637,0.08,0.057
2025-09-20,17,Sab,1,25.69,ensolarado,232.94,0.303,0.021,0.014,0.688,0.023,0.059,0.805,0.503,0.303,fora_ponta,0.452,0.08,0.04
2025-09-20,18,Sab,1,24.89,ensolarado,0.0,0.0,0.016,0.019,0.531,0.007,0.022,0.595,0.595,0.0,ponta,0.714,0.08,0.048
2025-09-20,19,Sab,1,25.31,parcial_nublado,0.0,0.0,0.038,0.014,0.0,0.107,0.033,0.192,0.192,0.0,ponta,0.23,0.08,0.015
2025-09-20,20,Sab,1,25.66,ensolarado,0.0,0.0,0.024,0.003,0.0,0.054,0.043,0.124,0.124,0.0,ponta,0.149,0.08,0.01
2025-09-20,21,Sab,1,23.04,nublado,0.0,0.0,0.019,0.01,0.0,0.12,0.058,0.207,0.207,0.0,ponta,0.248,0.08,0.017
2025-09-20,22,Sab,1,22.63,parcial_nublado,0.0,0.0,0.018,0.01,0.0,0.054,0.025,0.106,0.106,0.0,fora_ponta,0.096,0.08,0.009
2025-09-20,23,Sab,1,23.87,ensolarado,0.0,0.0,0.046,0.008,0.0,0.059,0.028,0.141,0.141,0.0,fora_ponta,0.127,0.08,0.011
2025-09-21,0,Dom,1,19.4,ensolarado,0.0,0.0,0.018,0.014,0.0,0.118,0.049,0.199,0.199,0.0,fora_ponta,0.179,0.08,0.016
2025-09-21,1,Dom,1,18.83,ensolarado,0.0,0.0,0.048,0.006,0.0,0.107,0.022,0.184,0.184,0.0,fora_ponta,0.165,0.08,0.015
2025-09-21,2,Dom,1,18.35,parcial_nublado,0.0,0.0,0.011,0.002,0.0,0.066,0.044,0.124,0.124,0.0,fora_ponta,0.111,0.08,0.01
2025-09-21,3,Dom,1,19.87,ensolarado,0.0,0.0,0.048,0.002,0.0,0.102,0.03,0.182,0.182,0.0,fora_ponta,0.164,0.08,0.015
2025-09-21,4,Dom,1,20.96,chuva,0.0,0.0,0.025,0.014,0.0,0.113,0.028,0.18,0.18,0.0,fora_ponta,0.162,0.08,0.014
2025-09-21,5,Dom,1,21.9,chuva,0.0,0.0,0.036,0.003,0.0,0.06,0.031,0.129,0.129,0.0,fora_ponta,0.116,0.08,0.01
2025-09-21,6,Dom,1,20.7,chuva,0.0,0.0,0.024,0.008,0.0,0.064,0.03,0.127,0.127,0.0,fora_ponta,0.114,0.08,0.01
2025-09-21,7,Dom,1,23.28,chuva,34.94,0.045,0.049,0.01,0.0,0.002,0.056,0.118,0.072,0.045,fora_ponta,0.065,0.08,0.006
2025-09-21,8,Dom,1,24.34,chuva,67.5,0.088,0.035,0.019,0.0,0.011,0.052,0.117,0.029,0.088,fora_ponta,0.026,0.08,0.002
2025-09-21,9,Dom,1,25.38,nublado,254.56,0.331,0.043,0.015,0.0,0.019,0.051,0.128,0.0,0.128,fora_ponta,0.0,0.08,0.0
2025-09-21,10,Dom,1,22.72,ensolarado,779.42,1.013,0.027,0.01,0.0,0.006,0.02,0.063,0.0,0.063,fora_ponta,0.0,0.08,0.0
2025-09-21,11,Dom,1,25.64,nublado,347.73,0.452,0.012,0.017,0.0,0.028,0.05,0.106,0.0,0.106,fora_ponta,0.0,0.08,0.0
2025-09-21,12,Dom,1,31.89,ensolarado,900.0,1.17,0.045,0.014,0.0,0.005,0.025,0.089,0.0,0.089,fora_ponta,0.0,0.08,0.0
2025-09-21,13,Dom,1,30.69,chuva,130.4,0.17,0.018,0.004,0.482,0.021,0.055,0.58,0.41,0.17,fora_ponta,0.369,0.08,0.033
2025-09-21,14,Dom,1,30.87,chuva,116.91,0.152,0.035,0.01,0.42,0.001,0.047,0.514,0.362,0.152,fora_ponta,0.326,0.08,0.029
2025-09-21,15,Dom,1,29.0,nublado,254.56,0.331,0.028,0.013,0.594,0.002,0.02,0.657,0.326,0.331,fora_ponta,0.294,0.08,0.026
2025-09-21,16,Dom,1,30.58,parcial_nublado,315.0,0.409,0.018,0.0,0.553,0.025,0.026,0.624,0.214,0.409,fora_ponta,0.193,0.08,0.017
2025-09-21,17,Dom,1,25.91,chuva,34.94,0.045,0.025,0.009,0.723,0.029,0.026,0.811,0.766,0.045,fora_ponta,0.689,0.08,0.061
2025-09-21,18,Dom,1,23.72,nublado,0.0,0.0,0.047,0.001,0.0,0.011,0.033,0.092,0.092,0.0,ponta,0.111,0.08,0.007
2025-09-21,19,Dom,1,24.55,parcial_nublado,0.0,0.0,0.018,0.012,0.0,0.111,0.048,0.19,0.19,0.0,ponta,0.228,0.08,0.015
2025-09-21,20,Dom,1,24.77,chuva,0.0,0.0,0.031,0.005,0.0,0.101,0.052,0.189,0.189,0.0,ponta,0.227,0.08,0.015
2025-09-21,21,Dom,1,25.09,chuva,0.0,0.0,0.05,0.018,0.0,0.104,0.053,0.224,0.224,0.0,ponta,0.269,0.08,0.018
2025-09-21,22,Dom,1,23.26,nublado,0.0,0.0,0.021,0.003,0.0,0.12,0.032,0.176,0.176,0.0,fora_ponta,0.158,0.08,0.014
2025-09-21,23,Dom,1,25.34,chuva,0.0,0.0,0.049,0.004,0.0,0.065,0.046,0.163,0.163,0.0,fora_ponta,0.146,0.08,0.013
2025-09-22,0,Seg,0,21.6,chuva,0.0,0.0,0.018,0.008,0.0,0.054,0.046,0.125,0.125,0.0,fora_ponta,0.113,0.08,0.01
2025-09-22,1,Seg,0,21.16,ensolarado,0.0,0.0,0.017,0.005,0.0,0.07,0.037,0.129,0.129,0.0,fora_ponta,0.116,0.08,0.01
2025-09-22,2,Seg,0,20.29,parcial_nublado,0.0,0.0,0.045,0.018,0.0,0.076,0.048,0.186,0.186,0.0,fora_ponta,0.168,0.08,0.015
2025-09-22,3,Seg,0,19.73,ensolarado,0.0,0.0,0.023,0.007,0.0,0.084,0.051,0.165,0.165,0.0,fora_ponta,0.149,0.08,0.013
2025-09-22,4,Seg,0,21.58,chuva,0.0,0.0,0.027,0.01,0.0,0.114,0.054,0.205,0.205,0.0,fora_ponta,0.185,0.08,0.016
2025-09-22,5,Seg,0,20.39,chuva,0.0,0.0,0.011,0.018,0.0,0.059,0.035,0.123,0.123,0.0,fora_ponta,0.11,0.08,0.01
2025-09-22,6,Seg,0,24.6,nublado,0.0,0.0,0.023,0.001,0.0,0.118,0.035,0.177,0.177,0.0,fora_ponta,0.16,0.08,0.014
2025-09-22,7,Seg,0,20.06,parcial_nublado,163.06,0.212,0.015,0.003,0.0,0.007,0.03,0.054,0.0,0.054,fora_ponta,0.0,0.08,0.0
2025-09-22,8,Seg,0,21.52,parcial_nublado,315.0,0.409,0.179,0.079,0.0,0.007,0.023,0.29,0.0,0.29,fora_ponta,0.0,0.08,0.0
2025-09-22,9,Seg,0,23.19,parcial_nublado,445.48,0.579,0.178,0.091,0.0,0.019,0.022,0.31,0.0,0.31,fora_ponta,0.0,0.08,0.0
2025-09-22,10,Seg,0,21.71,chuva,116.91,0.152,0.152,0.085,0.0,0.012,0.022,0.271,0.119,0.152,fora_ponta,0.107,0.08,0.009
2025-09-22,11,Seg,0,21.93,chuva,130.4,0.17,0.161,0.052,0.0,0.021,0.034,0.269,0.099,0.17,fora_ponta,0.089,0.08,0.008
2025-09-22,12,Seg,0,30.54,ensolarado,900.0,1.17,0.152,0.088,0.0,0.002,0.038,0.28,0.0,0.28,fora_ponta,0.0,0.08,0.0
2025-09-22,13,Seg,0,30.39,ensolarado,869.33,1.13,0.166,0.09,0.59,0.023,0.055,0.924,0.0,0.924,fora_ponta,0.0,0.08,0.0
2025-09-22,14,Seg,0,25.91,ensolarado,779.42,1.013,0.13,0.071,0.619,0.018,0.041,0.879,0.0,0.879,fora_ponta,0.0,0.08,0.0
2025-09-22,15,Seg,0,25.88,parcial_nublado,445.48,0.579,0.159,0.091,0.66,0.028,0.053,0.991,0.412,0.579,fora_ponta,0.37,0.08,0.033
2025-09-22,16,Seg,0,28.78,parcial_nublado,315.0,0.409,0.147,0.098,0.419,0.005,0.04,0.709,0.3,0.409,fora_ponta,0.27,0.08,0.024
2025-09-22,17,Seg,0,26.36,parcial_nublado,163.06,0.212,0.173,0.058,0.756,0.011,0.028,1.025,0.813,0.212,fora_ponta,0.732,0.08,0.065
2025-09-22,18,Seg,0,25.9,ensolarado,0.0,0.0,0.167,0.052,0.582,0.012,0.035,0.848,0.848,0.0,ponta,1.018,0.08,0.068
2025-09-22,19,Seg,0,22.73,ensolarado,0.0,0.0,0.029,0.007,0.0,0.106,0.026,0.169,0.169,0.0,ponta,0.202,0.08,0.013
2025-09-22,20,Seg,0,22.18,ensolarado,0.0,0.0,0.027,0.009,0.0,0.068,0.056,0.16,0.16,0.0,ponta,0.192,0.08,0.013
2025-09-22,21,Seg,0,24.98,parcial_nublado,0.0,0.0,0.023,0.009,0.0,0.093,0.03,0.155,0.155,0.0,ponta,0.186,0.08,0.012
2025-09-22,22,Seg,0,24.78,ensolarado,0.0,0.0,0.017,0.007,0.0,0.11,0.028,0.162,0.162,0.0,fora_ponta,0.146,0.08,0.013
2025-09-22,23,Seg,0,25.68,nublado,0.0,0.0,0.011,0.018,0.0,0.082,0.051,0.161,0.161,0.0,fora_ponta,0.145,0.08,0.013
2025-09-23,0,Ter,0,21.07,ensolarado,0.0,0.0,0.042,0.001,0.0,0.068,0.047,0.158,0.158,0.0,fora_ponta,0.142,0.08,0.013
2025-09-23,1,Ter,0,19.78,ensolarado,0.0,0.0,0.047,0.009,0.0,0.071,0.034,0.161,0.161,0.0,fora_ponta,0.145,0.08,0.013
2025-09-23,2,Ter,0,19.96,chuva,0.0,0.0,0.025,0.02,0.0,0.06,0.05,0.155,0.155,0.0,fora_ponta,0.139,0.08,0.012
2025-09-23,3,Ter,0,19.95,nublado,0.0,0.0,0.04,0.008,0.0,0.11,0.031,0.189,0.189,0.0,fora_ponta,0.17,0.08,0.015
2025-09-23,4,Ter,0,21.2,parcial_nublado,0.0,0.0,0.026,0.017,0.0,0.076,0.041,0.16,0.16,0.0,fora_ponta,0.144,0.08,0.013
2025-09-23,5,Ter,0,19.77,ensolarado,0.0,0.0,0.018,0.007,0.0,0.109,0.053,0.187,0.187,0.0,fora_ponta,0.168,0.08,0.015
2025-09-23,6,Ter,0,24.09,chuva,0.0,0.0,0.021,0.003,0.0,0.093,0.032,0.149,0.149,0.0,fora_ponta,0.134,0.08,0.012
2025-09-23,7,Ter,0,25.71,chuva,34.94,0.045,0.029,0.001,0.0,0.008,0.029,0.067,0.022,0.045,fora_ponta,0.02,0.08,0.002
2025-09-23,8,Ter,0,23.92,nublado,180.0,0.234,0.141,0.081,0.0,0.024,0.023,0.27,0.036,0.234,fora_ponta,0.032,0.08,0.003
2025-09-23,9,Ter,0,24.64,parcial_nublado,445.48,0.579,0.163,0.075,0.0,0.009,0.028,0.275,0.0,0.275,fora_ponta,0.0,0.08,0.0
2025-09-23,10,Ter,0,20.48,nublado,311.77,0.405,0.175,0.063,0.0,0.011,0.021,0.27,0.0,0.27,fora_ponta,0.0,0.08,0.0
2025-09-23,11,Ter,0,24.32,nublado,347.73,0.452,0.175,0.083,0.0,0.009,0.057,0.323,0.0,0.323,fora_ponta,0.0,0.08,0.0
2025-09-23,12,Ter,0,25.36,nublado,360.0,0.468,0.137,0.1,0.0,0.01,0.057,0.304,0.0,0.304,fora_ponta,0.0,0.08,0.0
2025-09-23,13,Ter,0,25.72,nublado,347.73,0.452,0.158,0.068,0.783,0.016,0.038,1.062,0.61,0.452,fora_ponta,0.549,0.08,0.049
2025-09-23,14,Ter,0,31.73,ensolarado,779.42,1.013,0.131,0.062,0.522,0.016,0.053,0.785,0.0,0.785,fora_ponta,0.0,0.08,0.0
2025-09-23,15,Ter,0,28.2,nublado,254.56,0.331,0.152,0.073,0.419,0.002,0.046,0.692,0.361,0.331,fora_ponta,0.325,0.08,0.029
2025-09-23,16,Ter,0,28.02,chuva,67.5,0.088,0.164,0.078,0.781,0.022,0.026,1.071,0.983,0.088,fora_ponta,0.885,0.08,0.079
2025-09-23,17,Ter,0,30.9,parcial_nublado,163.06,0.212,0.12,0.078,0.527,0.018,0.037,0.78,0.568,0.212,fora_ponta,0.511,0.08,0.045
2025-09-23,18,Ter,0,22.12,chuva,0.0,0.0,0.143,0.073,0.0,0.003,0.055,0.274,0.274,0.0,ponta,0.329,0.08,0.022
2025-09-23,19,Ter,0,24.36,ensolarado,0.0,0.0,0.027,0.011,0.0,0.108,0.022,0.169,0.169,0.0,ponta,0.202,0.08,0.013
2025-09-23,20,Ter,0,24.0,ensolarado,0.0,0.0,0.041,0.019,0.0,0.111,0.027,0.197,0.197,0.0,ponta,0.237,0.08,0.016
2025-09-23,21,Ter,0,24.08,ensolarado,0.0,0.0,0.04,0.004,0.0,0.075,0.056,0.176,0.176,0.0,ponta,0.212,0.08,0.014
2025-09-23,22,Ter,0,23.21,chuva,0.0,0.0,0.04,0.005,0.0,0.077,0.056,0.178,0.178,0.0,fora_ponta,0.16,0.08,0.014
2025-09-23,23,Ter,0,23.96,nublado,0.0,0.0,0.024,0.017,0.0,0.052,0.021,0.114,0.114,0.0,fora_ponta,0.103,0.08,0.009
2025-09-24,0,Qua,0,19.32,chuva,0.0,0.0,0.024,0.019,0.0,0.092,0.046,0.18,0.18,0.0,fora_ponta,0.162,0.08,0.014
2025-09-24,1,Qua,0,21.35,nublado,0.0,0.0,0.013,0.017,0.0,0.098,0.049,0.178,0.178,0.0,fora_ponta,0.16,0.08,0.014
2025-09-24,2,Qua,0,18.05,ensolarado,0.0,0.0,0.048,0.02,0.0,0.067,0.029,0.164,0.164,0.0,fora_ponta,0.147,0.08,0.013
2025-09-24,3,Qua,0,19.01,parcial_nublado,0.0,0.0,0.017,0.003,0.0,0.063,0.035,0.119,0.119,0.0,fora_ponta,0.107,0.08,0.009
2025-09-24,4,Qua,0,19.95,parcial_nublado,0.0,0.0,0.033,0.001,0.0,0.118,0.026,0.178,0.178,0.0,fora_ponta,0.16,0.08,0.014
2025-09-24,5,Qua,0,18.75,nublado,0.0,0.0,0.025,0.011,0.0,0.082,0.052,0.171,0.171,0.0,fora_ponta,0.154,0.08,0.014
2025-09-24,6,Qua,0,24.87,parcial_nublado,0.0,0.0,0.013,0.016,0.0,0.067,0.025,0.121,0.121,0.0,fora_ponta,0.109,0.08,0.01
2025-09-24,7,Qua,0,20.75,parcial_nublado,163.06,0.212,0.036,0.02,0.0,0.023,0.042,0.121,0.0,0.121,fora_ponta,0.0,0.08,0.0
2025-09-24,8,Qua,0,25.57,chuva,67.5,0.088,0.145,0.094,0.0,0.007,0.055,0.3,0.212,0.088,fora_ponta,0.191,0.08,0.017
2025-09-24,9,Qua,0,24.95,nublado,254.56,0.331,0.147,0.086,0.0,0.016,0.036,0.285,0.0,0.285,fora_ponta,0.0,0.08,0.0
2025-09-24,10,Qua,0,23.43,parcial_nublado,545.6,0.709,0.152,0.084,0.0,0.015,0.039,0.291,0.0,0.291,fora_ponta,0.0,0.08,0.0
2025-09-24,11,Qua,0,22.1,ensolarado,869.33,1.13,0.174,0.098,0.0,0.027,0.043,0.342,0.0,0.342,fora_ponta,0.0,0.08,0.0
2025-09-24,12,Qua,0,31.23,parcial_nublado,630.0,0.819,0.159,0.084,0.0,0.003,0.041,0.288,0.0,0.288,fora_ponta,0.0,0.08,0.0
2025-09-24,13,Qua,0,25.3,parcial_nublado,608.53,0.791,0.147,0.094,0.479,0.006,0.038,0.764,0.0,0.764,fora_ponta,0.0,0.08,0.0
2025-09-24,14,Qua,0,27.51,chuva,116.91,0.152,0.121,0.088,0.795,0.022,0.034,1.06,0.908,0.152,fora_ponta,0.817,0.08,0.073
2025-09-24,15,Qua,0,29.74,nublado,254.56,0.331,0.172,0.088,0.781,0.018,0.043,1.102,0.771,0.331,fora_ponta,0.694,0.08,0.062
2025-09-24,16,Qua,0,29.35,chuva,67.5,0.088,0.157,0.088,0.725,0.003,0.045,1.017,0.93,0.088,fora_ponta,0.837,0.08,0.074
2025-09-24,17,Qua,0,25.36,nublado,93.17,0.121,0.155,0.085,0.514,0.017,0.033,0.804,0.683,0.121,fora_ponta,0.615,0.08,0.055
2025-09-24,18,Qua,0,22.94,ensolarado,0.0,0.0,0.136,0.07,0.0,0.02,0.036,0.262,0.262,0.0,ponta,0.315,0.08,0.021
2025-09-24,19,Qua,0,24.31,ensolarado,0.0,0.0,0.043,0.01,0.0,0.088,0.031,0.172,0.172,0.0,ponta,0.206,0.08,0.014
2025-09-24,20,Qua,0,23.39,ensolarado,0.0,0.0,0.023,0.018,0.0,0.057,0.039,0.138,0.138,0.0,ponta,0.165,0.08,0.011
2025-09-24,21,Qua,0,23.3,parcial_nublado,0.0,0.0,0.014,0.015,0.0,0.107,0.05,0.186,0.186,0.0,ponta,0.223,0.08,0.015
2025-09-24,22,Qua,0,25.84,nublado,0.0,0.0,0.017,0.017,0.0,0.05,0.036,0.12,0.12,0.0,fora_ponta,0.108,0.08,0.01
2025-09-24,23,Qua,0,23.85,ensolarado,0.0,0.0,0.041,0.019,0.0,0.077,0.045,0.181,0.181,0.0,fora_ponta,0.163,0.08,0.014
2025-09-25,0,Qui,0,20.55,chuva,0.0,0.0,0.04,0.011,0.0,0.115,0.036,0.201,0.201,0.0,fora_ponta,0.181,0.08,0.016
2025-09-25,1,Qui,0,19.29,nublado,0.0,0.0,0.019,0.003,0.0,0.107,0.03,0.159,0.159,0.0,fora_ponta,0.143,0.08,0.013
2025-09-25,2,Qui,0,20.06,ensolarado,0.0,0.0,0.027,0.013,0.0,0.102,0.042,0.184,0.184,0.0,fora_ponta,0.166,0.08,0.015
2025-09-25,3,Qui,0,21.76,nublado,0.0,0.0,0.041,0.011,0.0,0.106,0.053,0.21,0.21,0.0,fora_ponta,0.189,0.08,0.017
2025-09-25,4,Qui,0,19.77,chuva,0.0,0.0,0.011,0.006,0.0,0.103,0.047,0.166,0.166,0.0,fora_ponta,0.15,0.08,0.013
2025-09-25,5,Qui,0,20.3,chuva,0.0,0.0,0.034,0.01,0.0,0.062,0.031,0.137,0.137,0.0,fora_ponta,0.123,0.08,0.011
2025-09-25,6,Qui,0,23.31,parcial_nublado,0.0,0.0,0.034,0.005,0.0,0.098,0.053,0.191,0.191,0.0,fora_ponta,0.172,0.08,0.015
2025-09-25,7,Qui,0,23.59,chuva,34.94,0.045,0.019,0.013,0.0,0.03,0.023,0.085,0.039,0.045,fora_ponta,0.035,0.08,0.003
2025-09-25,8,Qui,0,23.42,ensolarado,450.0,0.585,0.162,0.066,0.0,0.015,0.027,0.27,0.0,0.27,fora_ponta,0.0,0.08,0.0
2025-09-25,9,Qui,0,25.63,chuva,95.46,0.124,0.136,0.062,0.0,0.001,0.041,0.24,0.116,0.124,fora_ponta,0.104,0.08,0.009
2025-09-25,10,Qui,0,24.23,nublado,311.77,0.405,0.135,0.09,0.0,0.017,0.051,0.293,0.0,0.293,fora_ponta,0.0,0.08,0.0
2025-09-25,11,Qui,0,23.09,nublado,347.73,0.452,0.18,0.089,0.0,0.018,0.021,0.307,0.0,0.307,fora_ponta,0.0,0.08,0.0
2025-09-25,12,Qui,0,31.01,parcial_nublado,630.0,0.819,0.127,0.073,0.0,0.008,0.049,0.258,0.0,0.258,fora_ponta,0.0,0.08,0.0
2025-09-25,13,Qui,0,27.29,parcial_nublado,608.53,0.791,0.165,0.079,0.502,0.019,0.051,0.816,0.025,0.791,fora_ponta,0.023,0.08,0.002
2025-09-25,14,Qui,0,31.22,parcial_nublado,545.6,0.709,0.123,0.08,0.639,0.006,0.026,0.873,0.164,0.709,fora_ponta,0.148,0.08,0.013
2025-09-25,15,Qui,0,31.06,parcial_nublado,445.48,0.579,0.137,0.073,0.509,0.009,0.05,0.778,0.199,0.579,fora_ponta,0.179,0.08,0.016
2025-09-25,16,Qui,0,29.04,parcial_nublado,315.0,0.409,0.174,0.068,0.464,0.015,0.036,0.757,0.347,0.409,fora_ponta,0.312,0.08,0.028
2025-09-25,17,Qui,0,31.91,ensolarado,232.94,0.303,0.138,0.058,0.428,0.022,0.053,0.699,0.397,0.303,fora_ponta,0.357,0.08,0.032
2025-09-25,18,Qui,0,22.64,parcial_nublado,0.0,0.0,0.157,0.08,0.0,0.004,0.037,0.277,0.277,0.0,ponta,0.333,0.08,0.022
2025-09-25,19,Qui,0,23.39,parcial_nublado,0.0,0.0,0.026,0.016,0.0,0.097,0.022,0.161,0.161,0.0,ponta,0.193,0.08,0.013
2025-09-25,20,Qui,0,25.38,parcial_nublado,0.0,0.0,0.049,0.014,0.0,0.101,0.055,0.218,0.218,0.0,ponta,0.262,0.08,0.017
2025-09-25,21,Qui,0,22.66,chuva,0.0,0.0,0.026,0.001,0.0,0.091,0.036,0.154,0.154,0.0,ponta,0.185,0.08,0.012
2025-09-25,22,Qui,0,22.29,nublado,0.0,0.0,0.024,0.019,0.0,0.096,0.05,0.189,0.189,0.0,fora_ponta,0.17,0.08,0.015
2025-09-25,23,Qui,0,22.58,chuva,0.0,0.0,0.027,0.003,0.0,0.083,0.049,0.162,0.162,0.0,fora_ponta,0.145,0.08,0.013
2025-09-26,0,Sex,0,18.99,ensolarado,0.0,0.0,0.044,0.018,0.0,0.116,0.031,0.209,0.209,0.0,fora_ponta,0.188,0.08,0.017
2025-09-26,1,Sex,0,18.53,parcial_nublado,0.0,0.0,0.029,0.001,0.0,0.101,0.054,0.185,0.185,0.0,fora_ponta,0.167,0.08,0.015
2025-09-26,2,Sex,0,20.4,nublado,0.0,0.0,0.031,0.003,0.0,0.067,0.031,0.132,0.132,0.0,fora_ponta,0.119,0.08,0.011
2025-09-26,3,Sex,0,21.02,chuva,0.0,0.0,0.015,0.006,0.0,0.104,0.023,0.147,0.147,0.0,fora_ponta,0.133,0.08,0.012
2025-09-26,4,Sex,0,18.09,ensolarado,0.0,0.0,0.047,0.015,0.0,0.113,0.051,0.226,0.226,0.0,fora_ponta,0.204,0.08,0.018
2025-09-26,5,Sex,0,21.27,parcial_nublado,0.0,0.0,0.048,0.011,0.0,0.111,0.044,0.213,0.213,0.0,fora_ponta,0.192,0.08,0.017
2025-09-26,6,Sex,0,24.0,chuva,0.0,0.0,0.027,0.013,0.0,0.073,0.032,0.145,0.145,0.0,fora_ponta,0.131,0.08,0.012
2025-09-26,7,Sex,0,24.53,nublado,93.17,0.121,0.028,0.017,0.0,0.002,0.037,0.084,0.0,0.084,fora_ponta,0.0,0.08,0.0
2025-09-26,8,Sex,0,22.35,ensolarado,450.0,0.585,0.132,0.067,0.0,0.011,0.039,0.249,0.0,0.249,fora_ponta,0.0,0.08,0.0
2025-09-26,9,Sex,0,20.33,parcial_nublado,445.48,0.579,0.174,0.063,0.0,0.022,0.026,0.285,0.0,0.285,fora_ponta,0.0,0.08,0.0
2025-09-26,10,Sex,0,23.36,nublado,311.77,0.405,0.131,0.072,0.0,0.03,0.06,0.293,0.0,0.293,fora_ponta,0.0,0.08,0.0
2025-09-26,11,Sex,0,23.61,ensolarado,869.33,1.13,0.122,0.093,0.0,0.02,0.053,0.287,0.0,0.287,fora_ponta,0.0,0.08,0.0
2025-09-26,12,Sex,0,25.38,parcial_nublado,630.0,0.819,0.143,0.056,0.0,0.001,0.03,0.229,0.0,0.229,fora_ponta,0.0,0.08,0.0
2025-09-26,13,Sex,0,30.68,ensolarado,869.33,1.13,0.164,0.081,0.558,0.002,0.042,0.848,0.0,0.848,fora_ponta,0.0,0.08,0.0
2025-09-26,14,Sex,0,29.86,parcial_nublado,545.6,0.709,0.138,0.088,0.723,0.028,0.039,1.016,0.307,0.709,fora_ponta,0.276,0.08,0.025
2025-09-26,15,Sex,0,29.59,ensolarado,636.4,0.827,0.168,0.084,0.68,0.021,0.042,0.995,0.167,0.827,fora_ponta,0.151,0.08,0.013
2025-09-26,16,Sex,0,25.52,ensolarado,450.0,0.585,0.12,0.055,0.645,0.025,0.043,0.889,0.304,0.585,fora_ponta,0.274,0.08,0.024
2025-09-26,17,Sex,0,27.06,nublado,93.17,0.121,0.166,0.081,0.494,0.011,0.04,0.793,0.672,0.121,fora_ponta,0.605,0.08,0.054
2025-09-26,18,Sex,0,25.72,ensolarado,0.0,0.0,0.169,0.092,0.787,0.025,0.049,1.123,1.123,0.0,ponta,1.347,0.08,0.09
2025-09-26,19,Sex,0,22.73,chuva,0.0,0.0,0.046,0.002,0.0,0.111,0.022,0.181,0.181,0.0,ponta,0.217,0.08,0.014
2025-09-26,20,Sex,0,24.9,chuva,0.0,0.0,0.038,0.016,0.0,0.083,0.029,0.167,0.167,0.0,ponta,0.2,0.08,0.013
2025-09-26,21,Sex,0,23.3,parcial_nublado,0.0,0.0,0.032,0.003,0.0,0.082,0.06,0.176,0.176,0.0,ponta,0.212,0.08,0.014
2025-09-26,22,Sex,0,23.44,nublado,0.0,0.0,0.015,0.013,0.0,0.058,0.044,0.129,0.129,0.0,fora_ponta,0.117,0.08,0.01
2025-09-26,23,Sex,0,24.74,nublado,0.0,0.0,0.037,0.019,0.0,0.086,0.045,0.187,0.187,0.0,fora_ponta,0.169,0.08,0.015
2025-09-27,0,Sab,1,20.65,parcial_nublado,0.0,0.0,0.01,0.01,0.0,0.083,0.034,0.138,0.138,0.0,fora_ponta,0.124,0.08,0.011
2025-09-27,1,Sab,1,21.77,parcial_nublado,0.0,0.0,0.042,0.004,0.0,0.096,0.049,0.191,0.191,0.0,fora_ponta,0.172,0.08,0.015
2025-09-27,2,Sab,1,21.14,chuva,0.0,0.0,0.035,0.016,0.0,0.103,0.045,0.199,0.199,0.0,fora_ponta,0.179,0.08,0.016
2025-09-27,3,Sab,1,21.34,parcial_nublado,0.0,0.0,0.029,0.018,0.0,0.071,0.054,0.171,0.171,0.0,fora_ponta,0.154,0.08,0.014
2025-09-27,4,Sab,1,20.08,parcial_nublado,0.0,0.0,0.05,0.002,0.0,0.096,0.051,0.199,0.199,0.0,fora_ponta,0.179,0.08,0.016
2025-09-27,5,Sab,1,20.25,ensolarado,0.0,0.0,0.045,0.009,0.0,0.066,0.034,0.154,0.154,0.0,fora_ponta,0.139,0.08,0.012
2025-09-27,6,Sab,1,22.75,chuva,0.0,0.0,0.043,0.01,0.0,0.059,0.05,0.161,0.161,0.0,fora_ponta,0.145,0.08,0.013
2025-09-27,7,Sab,1,24.1,ensolarado,232.94,0.303,0.035,0.012,0.0,0.007,0.034,0.087,0.0,0.087,fora_ponta,0.0,0.08,0.0
2025-09-27,8,Sab,1,20.16,ensolarado,450.0,0.585,0.025,0.009,0.0,0.026,0.058,0.118,0.0,0.118,fora_ponta,0.0,0.08,0.0
2025-09-27,9,Sab,1,21.57,chuva,95.46,0.124,0.015,0.013,0.0,0.019,0.055,0.102,0.0,0.102,fora_ponta,0.0,0.08,0.0
2025-09-27,10,Sab,1,23.13,ensolarado,779.42,1.013,0.031,0.016,0.0,0.03,0.038,0.115,0.0,0.115,fora_ponta,0.0,0.08,0.0
2025-09-27,11,Sab,1,20.15,parcial_nublado,608.53,0.791,0.032,0.017,0.0,0.014,0.051,0.114,0.0,0.114,fora_ponta,0.0,0.08,0.0
2025-09-27,12,Sab,1,28.61,parcial_nublado,630.0,0.819,0.011,0.001,0.0,0.004,0.042,0.058,0.0,0.058,fora_ponta,0.0,0.08,0.0
2025-09-27,13,Sab,1,28.18,chuva,130.4,0.17,0.029,0.011,0.55,0.006,0.043,0.639,0.47,0.17,fora_ponta,0.423,0.08,0.038
2025-09-27,14,Sab,1,30.04,ensolarado,779.42,1.013,0.017,0.009,0.724,0.03,0.02,0.799,0.0,0.799,fora_ponta,0.0,0.08,0.0
2025-09-27,15,Sab,1,27.73,chuva,95.46,0.124,0.031,0.006,0.435,0.019,0.041,0.533,0.409,0.124,fora_ponta,0.368,0.08,0.033
2025-09-27,16,Sab,1,25.56,chuva,67.5,0.088,0.032,0.012,0.687,0.028,0.033,0.792,0.704,0.088,fora_ponta,0.634,0.08,0.056
2025-09-27,17,Sab,1,29.79,parcial_nublado,163.06,0.212,0.049,0.011,0.651,0.004,0.059,0.774,0.562,0.212,fora_ponta,0.506,0.08,0.045
2025-09-27,18,Sab,1,23.01,parcial_nublado,0.0,0.0,0.016,0.007,0.0,0.001,0.036,0.06,0.06,0.0,ponta,0.072,0.08,0.005
2025-09-27,19,Sab,1,25.69,parcial_nublado,0.0,0.0,0.039,0.01,0.0,0.106,0.052,0.206,0.206,0.0,ponta,0.248,0.08,0.017
2025-09-27,20,Sab,1,24.26,ensolarado,0.0,0.0,0.011,0.003,0.0,0.067,0.041,0.122,0.122,0.0,ponta,0.147,0.08,0.01
2025-09-27,21,Sab,1,22.27,ensolarado,0.0,0.0,0.014,0.019,0.0,0.079,0.049,0.161,0.161,0.0,ponta,0.193,0.08,0.013
2025-09-27,22,Sab,1,23.35,chuva,0.0,0.0,0.025,0.01,0.0,0.105,0.056,0.195,0.195,0.0,fora_ponta,0.176,0.08,0.016
2025-09-27,23,Sab,1,24.39,parcial_nublado,0.0,0.0,0.019,0.003,0.0,0.094,0.029,0.145,0.145,0.0,fora_ponta,0.131,0.08,0.012
2025-09-28,0,Dom,1,20.52,chuva,0.0,0.0,0.013,0.009,0.0,0.053,0.028,0.103,0.103,0.0,fora_ponta,0.093,0.08,0.008
2025-09-28,1,Dom,1,21.31,ensolarado,0.0,0.0,0.046,0.006,0.0,0.095,0.058,0.205,0.205,0.0,fora_ponta,0.184,0.08,0.016
2025-09-28,2,Dom,1,20.42,parcial_nublado,0.0,0.0,0.029,0.018,0.0,0.067,0.051,0.165,0.165,0.0,fora_ponta,0.148,0.08,0.013
2025-09-28,3,Dom,1,19.73,chuva,0.0,0.0,0.032,0.008,0.0,0.089,0.023,0.152,0.152,0.0,fora_ponta,0.137,0.08,0.012
2025-09-28,4,Dom,1,20.13,parcial_nublado,0.0,0.0,0.033,0.007,0.0,0.116,0.022,0.178,0.178,0.0,fora_ponta,0.161,0.08,0.014
2025-09-28,5,Dom,1,18.31,ensolarado,0.0,0.0,0.032,0.014,0.0,0.11,0.032,0.188,0.188,0.0,fora_ponta,0.169,0.08,0.015
2025-09-28,6,Dom,1,21.27,parcial_nublado,0.0,0.0,0.029,0.002,0.0,0.085,0.03,0.147,0.147,0.0,fora_ponta,0.132,0.08,0.012
2025-09-28,7,Dom,1,20.42,ensolarado,232.94,0.303,0.012,0.014,0.0,0.017,0.052,0.093,0.0,0.093,fora_ponta,0.0,0.08,0.0
2025-09-28,8,Dom,1,20.83,parcial_nublado,315.0,0.409,0.045,0.009,0.0,0.028,0.033,0.116,0.0,0.116,fora_ponta,0.0,0.08,0.0
2025-09-28,9,Dom,1,22.78,nublado,254.56,0.331,0.049,0.011,0.0,0.012,0.041,0.112,0.0,0.112,fora_ponta,0.0,0.08,0.0
2025-09-28,10,Dom,1,24.8,parcial_nublado,545.6,0.709,0.047,0.014,0.0,0.023,0.028,0.112,0.0,0.112,fora_ponta,0.0,0.08,0.0
2025-09-28,11,Dom,1,23.71,nublado,347.73,0.452,0.015,0.019,0.0,0.021,0.023,0.078,0.0,0.078,fora_ponta,0.0,0.08,0.0
2025-09-28,12,Dom,1,29.31,nublado,360.0,0.468,0.042,0.009,0.0,0.006,0.039,0.096,0.0,0.096,fora_ponta,0.0,0.08,0.0
2025-09-28,13,Dom,1,26.81,parcial_nublado,608.53,0.791,0.036,0.019,0.456,0.011,0.033,0.555,0.0,0.555,fora_ponta,0.0,0.08,0.0
2025-09-28,14,Dom,1,25.7,chuva,116.91,0.152,0.02,0.013,0.763,0.006,0.038,0.84,0.688,0.152,fora_ponta,0.619,0.08,0.055
2025-09-28,15,Dom,1,30.25,parcial_nublado,445.48,0.579,0.011,0.004,0.485,0.014,0.02,0.535,0.0,0.535,fora_ponta,0.0,0.08,0.0
2025-09-28,16,Dom,1,28.04,chuva,67.5,0.088,0.042,0.019,0.451,0.007,0.027,0.547,0.459,0.088,fora_ponta,0.413,0.08,0.037
2025-09-28,17,Dom,1,26.21,ensolarado,232.94,0.303,0.031,0.016,0.673,0.005,0.027,0.752,0.449,0.303,fora_ponta,0.404,0.08,0.036
2025-09-28,18,Dom,1,23.48,nublado,0.0,0.0,0.013,0.002,0.0,0.019,0.046,0.08,0.08,0.0,ponta,0.096,0.08,0.006
2025-09-28,19,Dom,1,25.37,nublado,0.0,0.0,0.042,0.017,0.0,0.085,0.02,0.164,0.164,0.0,ponta,0.197,0.08,0.013
2025-09-28,20,Dom,1,24.18,parcial_nublado,0.0,0.0,0.02,0.002,0.0,0.102,0.047,0.171,0.171,0.0,ponta,0.205,0.08,0.014
2025-09-28,21,Dom,1,22.54,parcial_nublado,0.0,0.0,0.029,0.003,0.0,0.098,0.038,0.169,0.169,0.0,ponta,0.202,0.08,0.013
2025-09-28,22,Dom,1,23.12,nublado,0.0,0.0,0.043,0.003,0.0,0.09,0.034,0.17,0.17,0.0,fora_ponta,0.153,0.08,0.014
2025-09-28,23,Dom,1,22.12,ensolarado,0.0,0.0,0.04,0.013,0.0,0.085,0.045,0.184,0.184,0.0,fora_ponta,0.165,0.08,0.015
2025-09-29,0,Seg,0,20.0,ensolarado,0.0,0.0,0.014,0.019,0.0,0.087,0.031,0.151,0.151,0.0,fora_ponta,0.136,0.08,0.012
2025-09-29,1,Seg,0,18.06,chuva,0.0,0.0,0.026,0.005,0.0,0.088,0.039,0.158,0.158,0.0,fora_ponta,0.142,0.08,0.013
2025-09-29,2,Seg,0,18.59,nublado,0.0,0.0,0.039,0.011,0.0,0.096,0.042,0.189,0.189,0.0,fora_ponta,0.17,0.08,0.015
2025-09-29,3,Seg,0,21.11,chuva,0.0,0.0,0.029,0.01,0.0,0.107,0.051,0.197,0.197,0.0,fora_ponta,0.177,0.08,0.016
2025-09-29,4,Seg,0,20.71,chuva,0.0,0.0,0.044,0.002,0.0,0.11,0.058,0.214,0.214,0.0,fora_ponta,0.193,0.08,0.017
2025-09-29,5,Seg,0,21.45,chuva,0.0,0.0,0.049,0.019,0.0,0.072,0.05,0.191,0.191,0.0,fora_ponta,0.172,0.08,0.015
2025-09-29,6,Seg,0,24.51,parcial_nublado,0.0,0.0,0.035,0.009,0.0,0.111,0.053,0.208,0.208,0.0,fora_ponta,0.187,0.08,0.017
2025-09-29,7,Seg,0,24.42,nublado,93.17,0.121,0.03,0.006,0.0,0.014,0.032,0.083,0.0,0.083,fora_ponta,0.0,0.08,0.0
2025-09-29,8,Seg,0,23.95,nublado,180.0,0.234,0.138,0.094,0.0,0.026,0.023,0.281,0.047,0.234,fora_ponta,0.043,0.08,0.004
2025-09-29,9,Seg,0,23.37,nublado,254.56,0.331,0.153,0.092,0.0,0.019,0.036,0.301,0.0,0.301,fora_ponta,0.0,0.08,0.0
2025-09-29,10,Seg,0,23.5,chuva,116.91,0.152,0.134,0.059,0.0,0.027,0.025,0.245,0.093,0.152,fora_ponta,0.083,0.08,0.007
2025-09-29,11,Seg,0,25.7,nublado,347.73,0.452,0.146,0.056,0.0,0.027,0.039,0.268,0.0,0.268,fora_ponta,0.0,0.08,0.0
2025-09-29,12,Seg,0,26.43,nublado,360.0,0.468,0.155,0.067,0.0,0.012,0.06,0.293,0.0,0.293,fora_ponta,0.0,0.08,0.0
2025-09-29,13,Seg,0,28.6,ensolarado,869.33,1.13,0.163,0.076,0.489,0.027,0.036,0.792,0.0,0.792,fora_ponta,0.0,0.08,0.0
2025-09-29,14,Seg,0,31.87,chuva,116.91,0.152,0.122,0.095,0.452,0.017,0.047,0.732,0.58,0.152,fora_ponta,0.522,0.08,0.046
2025-09-29,15,Seg,0,27.55,parcial_nublado,445.48,0.579,0.161,0.079,0.605,0.024,0.057,0.926,0.347,0.579,fora_ponta,0.312,0.08,0.028
2025-09-29,16,Seg,0,25.77,chuva,67.5,0.088,0.146,0.087,0.655,0.02,0.048,0.957,0.87,0.088,fora_ponta,0.783,0.08,0.07
2025-09-29,17,Seg,0,25.82,parcial_nublado,163.06,0.212,0.175,0.083,0.528,0.009,0.021,0.816,0.604,0.212,fora_ponta,0.544,0.08,0.048
2025-09-29,18,Seg,0,25.65,nublado,0.0,0.0,0.14,0.064,0.613,0.017,0.026,0.859,0.859,0.0,ponta,1.031,0.08,0.069
2025-09-29,19,Seg,0,23.88,chuva,0.0,0.0,0.041,0.002,0.0,0.054,0.054,0.15,0.15,0.0,ponta,0.18,0.08,0.012
2025-09-29,20,Seg,0,25.23,parcial_nublado,0.0,0.0,0.02,0.014,0.0,0.062,0.035,0.131,0.131,0.0,ponta,0.158,0.08,0.011
2025-09-29,21,Seg,0,24.43,chuva,0.0,0.0,0.027,0.019,0.0,0.112,0.035,0.193,0.193,0.0,ponta,0.232,0.08,0.015
2025-09-29,22,Seg,0,25.06,chuva,0.0,0.0,0.027,0.017,0.0,0.074,0.041,0.16,0.16,0.0,fora_ponta,0.144,0.08,0.013
2025-09-29,23,Seg,0,24.3,nublado,0.0,0.0,0.041,0.007,0.0,0.058,0.052,0.158,0.158,0.0,fora_ponta,0.142,0.08,0.013
2025-09-30,0,Ter,0,20.79,nublado,0.0,0.0,0.036,0.011,0.0,0.114,0.026,0.187,0.187,0.0,fora_ponta,0.168,0.08,0.015
2025-09-30,1,Ter,0,18.47,parcial_nublado,0.0,0.0,0.045,0.01,0.0,0.101,0.035,0.191,0.191,0.0,fora_ponta,0.172,0.08,0.015
2025-09-30,2,Ter,0,21.44,nublado,0.0,0.0,0.034,0.004,0.0,0.093,0.031,0.161,0.161,0.0,fora_ponta,0.145,0.08,0.013
2025-09-30,3,Ter,0,18.33,parcial_nublado,0.0,0.0,0.014,0.003,0.0,0.061,0.039,0.117,0.117,0.0,fora_ponta,0.105,0.08,0.009
2025-09-30,4,Ter,0,20.75,chuva,0.0,0.0,0.012,0.016,0.0,0.107,0.043,0.179,0.179,0.0,fora_ponta,0.161,0.08,0.014
2025-09-30,5,Ter,0,21.85,chuva,0.0,0.0,0.047,0.019,0.0,0.082,0.055,0.203,0.203,0.0,fora_ponta,0.183,0.08,0.016
2025-09-30,6,Ter,0,20.42,parcial_nublado,0.0,0.0,0.044,0.009,0.0,0.102,0.025,0.179,0.179,0.0,fora_ponta,0.162,0.08,0.014
2025-09-30,7,Ter,0,24.18,ensolarado,232.94,0.303,0.047,0.018,0.0,0.024,0.053,0.142,0.0,0.142,fora_ponta,0.0,0.08,0.0
2025-09-30,8,Ter,0,25.67,ensolarado,450.0,0.585,0.121,0.074,0.0,0.022,0.039,0.256,0.0,0.256,fora_ponta,0.0,0.08,0.0
2025-09-30,9,Ter,0,21.17,chuva,95.46,0.124,0.178,0.097,0.0,0.017,0.052,0.343,0.219,0.124,fora_ponta,0.197,0.08,0.018
2025-09-30,10,Ter,0,20.17,chuva,116.91,0.152,0.173,0.093,0.0,0.006,0.048,0.321,0.169,0.152,fora_ponta,0.152,0.08,0.014
2025-09-30,11,Ter,0,25.14,chuva,130.4,0.17,0.175,0.095,0.0,0.002,0.031,0.303,0.134,0.17,fora_ponta,0.121,0.08,0.011
2025-09-30,12,Ter,0,28.14,chuva,135.0,0.175,0.172,0.054,0.0,0.008,0.026,0.261,0.085,0.175,fora_ponta,0.077,0.08,0.007
2025-09-30,13,Ter,0,26.09,chuva,130.4,0.17,0.131,0.051,0.726,0.022,0.051,0.981,0.811,0.17,fora_ponta,0.73,0.08,0.065
2025-09-30,14,Ter,0,25.78,chuva,116.91,0.152,0.172,0.058,0.427,0.008,0.045,0.71,0.558,0.152,fora_ponta,0.502,0.08,0.045
2025-09-30,15,Ter,0,29.72,ensolarado,636.4,0.827,0.123,0.098,0.419,0.005,0.021,0.666,0.0,0.666,fora_ponta,0.0,0.08,0.0
2025-09-30,16,Ter,0,31.12,chuva,67.5,0.088,0.177,0.098,0.446,0.006,0.052,0.78,0.692,0.088,fora_ponta,0.623,0.08,0.055
2025-09-30,17,Ter,0,29.64,ensolarado,232.94,0.303,0.165,0.096,0.479,0.015,0.042,0.797,0.494,0.303,fora_ponta,0.445,0.08,0.04
2025-09-30,18,Ter,0,25.41,ensolarado,0.0,0.0,0.14,0.065,0.402,0.015,0.039,0.661,0.661,0.0,ponta,0.794,0.08,0.053
2025-09-30,19,Ter,0,22.27,parcial_nublado,0.0,0.0,0.035,0.013,0.0,0.102,0.028,0.178,0.178,0.0,ponta,0.214,0.08,0.014
2025-09-30,20,Ter,0,22.44,chuva,0.0,0.0,0.04,0.003,0.0,0.052,0.05,0.145,0.145,0.0,ponta,0.174,0.08,0.012
2025-09-30,21,Ter,0,25.14,nublado,0.0,0.0,0.03,0.003,0.0,0.059,0.034,0.127,0.127,0.0,ponta,0.153,0.08,0.01
2025-09-30,22,Ter,0,24.09,chuva,0.0,0.0,0.046,0.005,0.0,0.055,0.025,0.131,0.131,0.0,fora_ponta,0.118,0.08,0.01
2025-09-30,23,Ter,0,25.56,ensolarado,0.0,0.0,0.016,0.006,0.0,0.063,0.058,0.143,0.143,0.0,fora_ponta,0.128,0.08,0.011
